Star Wars: Episode VII - The Force Awakens	2488496	936627416	245000000	3.822969044897959	2015-12-18
Avatar	0499549	760505847	237000000	3.208885430379747	2009-12-18
Jurassic World	0369610	652177271	150000000	4.347848473333333	2015-06-12
Rogue One	3748528	532171696	200000000	2.66085848	2016-12-16
Finding Dory	2277860	486292984	200000000	2.43146492	2016-06-17
Star Wars: Episode I - The Phantom Menace	0120915	474544677	115000000	4.126475452173913	1999-05-19
Star Wars: Episode IV - A New Hope	0076759	460935665	11000000	41.903242272727276	1977-05-25
Avengers: Age of Ultron	2395427	458991599	250000000	1.835966396	2015-05-01
Shrek 2	0298148	436471036	150000000	2.9098069066666667	2004-05-19
The Hunger Games: Catching Fire	1951264	424645577	130000000	3.2665044384615385	2013-11-22
Pirates of the Caribbean: Dead Man's Chest	0383574	423032628	225000000	1.8801450133333333	2006-07-07
The Lion King	0110357	422783777	45000000	9.395195044444444	1994-06-24
Toy Story 3	0435761	414984497	200000000	2.074922485	2010-06-18
Iron Man Three	1300854	408992272	200000000	2.04496136	2013-05-03
Captain America: Civil War	3498820	408080554	250000000	1.632322216	2016-05-06
The Hunger Games	1392170	407999255	78000000	5.230759679487179	2012-03-23
Spider-Man	0145487	403706375	139000000	2.9043624100719425	2002-05-03
Transformers: Revenge of the Fallen	1055369	402076689	200000000	2.010383445	2009-06-24
Frozen	2294629	400736600	150000000	2.6715773333333335	2013-11-27
Harry Potter and the Deathly Hallows: Part 2	1201607	380955619	125000000	3.047644952	2011-07-15
Finding Nemo	0266543	380838870	94000000	4.0514773404255315	2003-05-30
Star Wars: Episode III - Revenge of the Sith	0121766	380262555	113000000	3.365155353982301	2005-05-19
The Lord of the Rings: The Return of the King	0167260	377019252	94000000	4.010843106382978	2003-12-17
Spider-Man 2	0316654	373377893	200000000	1.866889465	2004-06-30
The Secret Life of Pets	2709768	368305960	75000000	4.910746133333333	2016-07-08
Despicable Me 2	1690953	368049635	76000000	4.8427583552631575	2013-07-03
Guardians of the Galaxy Vol. 2	3896198	367193157	200000000	1.835965785	2017-05-05
The Jungle Book	3040964	363995937	175000000	2.079976782857143	2016-04-15
Deadpool	1431045	363024263	58000000	6.2590390172413795	2016-02-12
Jurassic Park	0107290	356784000	63000000	5.663238095238095	1993-06-11
Inside Out	2096673	356454367	175000000	2.036882097142857	2015-06-19
Transformers: Dark of the Moon	1399103	352358779	195000000	1.8069680974358975	2011-06-29
Zootopia	2948356	341264012	150000000	2.2750934133333334	2016-03-04
The Lord of the Rings: The Two Towers	0167261	340478898	94000000	3.622115936170213	2002-12-18
The Hunger Games: Mockingjay - Part 1	1951265	337103873	125000000	2.696830984	2014-11-21
Spider-Man 3	0413300	336530303	258000000	1.3043810193798449	2007-05-04
Minions	2293640	336029560	74000000	4.54094	2015-07-10
Alice in Wonderland	1014759	334185206	200000000	1.67092603	2010-03-05
Guardians of the Galaxy	2015381	333130696	170000000	1.9595923294117648	2014-08-01
Batman v Superman: Dawn of Justice	2975590	330249062	250000000	1.320996248	2016-03-25
Suicide Squad	1386697	325021779	175000000	1.8572673085714286	2016-08-05
Shrek the Third	0413267	320706665	160000000	2.00441665625	2007-05-18
Transformers	0418279	318759914	150000000	2.1250660933333334	2007-07-03
Iron Man	0371746	318298180	140000000	2.2735584285714285	2008-05-02
Harry Potter and the Sorcerer's Stone	0241527	317557891	125000000	2.540463128	2001-11-16
Indiana Jones and the Kingdom of the Crystal Skull	0367882	317011114	185000000	1.7135735891891892	2008-05-22
The Lord of the Rings: The Fellowship of the Ring	0120737	313837577	93000000	3.3745976021505375	2001-12-19
Iron Man 2	1228705	312057433	200000000	1.560287165	2010-05-07
Star Wars: Episode II - Attack of the Clones	0121765	310675583	115000000	2.701526808695652	2002-05-16
Pirates of the Caribbean: At World's End	0449088	309404152	300000000	1.0313471733333333	2007-05-25
Star Wars: Episode VI - Return of the Jedi	0086190	309125409	32500000	9.511551046153846	1983-05-25
Independence Day	0116629	306124059	75000000	4.08165412	1996-07-03
Pirates of the Caribbean: The Curse of the Black Pearl	0325980	305388685	140000000	2.18134775	2003-07-09
Skyfall	1074638	304360277	200000000	1.521801385	2012-11-09
The Hobbit: An Unexpected Journey	0903624	303001229	180000000	1.6833401611111112	2012-12-14
Harry Potter and the Half-Blood Prince	0417741	301956980	250000000	1.20782792	2009-07-15
The Twilight Saga: Eclipse	1325004	300523113	68000000	4.419457544117647	2010-06-30
The Twilight Saga: New Moon	1259571	296623634	50000000	5.93247268	2009-11-20
Harry Potter and the Deathly Hallows: Part 1	0926084	294980434	0	0	2010-11-19
Up	1049413	292979556	175000000	1.6741688914285715	2009-05-29
Inception	1375666	292568851	160000000	1.82855531875	2010-07-16
The Twilight Saga: Breaking Dawn - Part 2	1673434	292298923	120000000	2.4358243583333334	2012-11-16
Harry Potter and the Order of the Phoenix	0373889	292000866	150000000	1.94667244	2007-07-11
The Chronicles of Narnia: The Lion, the Witch and the Wardrobe	0363771	291709845	180000000	1.62061025	2005-12-09
Man of Steel	0770828	291021565	225000000	1.2934291777777778	2013-06-14
Star Wars: Episode V - The Empire Strikes Back	0080684	290158751	18000000	16.119930611111112	1980-06-20
Harry Potter and the Goblet of Fire	0330373	289994397	150000000	1.93329598	2005-11-18
Monsters, Inc.	0198781	289907418	115000000	2.5209340695652176	2001-11-02
The Hunger Games: Mockingjay - Part 2	1951266	281666058	160000000	1.7604128625	2015-11-20
The Twilight Saga: Breaking Dawn - Part 1	1324999	281275991	110000000	2.5570544636363635	2011-11-18
Monsters University	1453405	268488329	200000000	1.342441645	2013-06-21
Shrek	0126029	267652016	60000000	4.4608669333333335	2001-05-18
The Amazing Spider-Man	0948470	262030663	230000000	1.139263752173913	2012-07-03
Harry Potter and the Chamber of Secrets	0295297	261970615	100000000	2.61970615	2002-11-15
The Incredibles	0317705	261437578	92000000	2.841712804347826	2004-11-05
Jaws	0073195	260000000	8000000	32.5	1975-06-20
Captain America: The Winter Soldier	1843866	259746958	170000000	1.5279232823529412	2014-04-04
The Hobbit: The Desolation of Smaug	1170358	258355354	225000000	1.1482460177777778	2013-12-13
The Lego Movie	1490017	257756197	60000000	4.295936616666666	2014-02-07
Star Trek	0796366	257704099	150000000	1.7180273266666666	2009-05-08
The Hobbit: The Battle of the Five Armies	2310332	255108370	250000000	1.02043348	2014-12-17
Despicable Me	1323594	251501645	69000000	3.644951376811594	2010-07-09
Batman	0096895	251188924	48000000	5.233102583333333	1989-06-23
Night at the Museum	0477347	250863268	110000000	2.280575163636364	2006-12-22
Men in Black	0119654	250147615	90000000	2.7794179444444445	1997-07-02
Harry Potter and the Prisoner of Azkaban	0304141	249358727	130000000	1.9181440538461538	2004-06-04
Moana	3521164	248752120	150000000	1.6583474666666667	2016-11-23
Toy Story 2	0120363	245823397	90000000	2.7313710777777778	1999-11-24
Transformers: Age of Extinction	2109248	245428137	210000000	1.1687054142857143	2014-06-27
Raiders of the Lost Ark	0082971	242374454	18000000	13.465247444444444	1981-06-12
Twister	0117998	241688385	92000000	2.6270476630434785	1996-05-10
Maleficent	1587310	241407328	180000000	1.3411518222222223	2014-05-30
Pirates of the Caribbean: On Stranger Tides	1298650	241063875	378500000	0.6368926684280053	2011-05-20
Shrek Forever After	0892791	238371987	165000000	1.444678709090909	2010-05-21
Brave	1217209	237282182	185000000	1.2826063891891892	2012-06-22
Oz the Great and Powerful	1623205	234903076	215000000	1.092572446511628	2013-03-08
X-Men: The Last Stand	0376994	234360014	210000000	1.1160000666666667	2006-05-26
War of the Worlds	0407304	234277056	132000000	1.7748261818181819	2005-06-29
Fantastic Beasts and Where to Find Them	3183660	234018657	180000000	1.30010365	2016-11-18
X-Men: Days of Future Past	1877832	233914986	200000000	1.16957493	2014-05-23
Cast Away	0162222	233630478	90000000	2.5958942	2000-12-22
Doctor Strange	1211837	232597113	165000000	1.4096794727272728	2016-11-04
Ghostbusters	0087332	229242989	30000000	7.641432966666667	1984-06-08
The Lost World: Jurassic Park	0119567	229074524	73000000	3.1380071780821917	1997-05-23
Star Trek Into Darkness	1408101	228756232	190000000	1.2039801684210527	2013-05-16
The Martian	3659388	228430993	108000000	2.115101787037037	2015-10-02
The Fate of the Furious	4630562	224507635	250000000	0.89803054	2017-04-14
WALL·E	0910970	223806889	180000000	1.2433716055555555	2008-06-27
Big Hero 6	2245084	222487711	165000000	1.3484103696969696	2014-11-07
National Treasure: Book of Secrets	0465234	219961501	130000000	1.692011546153846	2007-12-21
King Kong	0360717	218051260	207000000	1.053387729468599	2005-12-14
How to Train Your Dragon	0892769	217387997	165000000	1.3175030121212121	2010-03-26
Aladdin	0103639	217350219	28000000	7.762507821428572	1992-11-25
Madagascar 3: Europe's Most Wanted	1277953	216366733	145000000	1.4921843655172413	2012-06-08
Mission: Impossible II	0120755	215397307	125000000	1.723178456	2000-05-24
Kung Fu Panda	0441773	215395021	130000000	1.656884776923077	2008-06-06
X2	0290334	214948780	110000000	1.9540798181818182	2003-05-02
The Lorax	1482459	213949505	70000000	3.0564215	2012-03-02
Austin Powers in Goldmember	0295178	213079163	63000000	3.3822089365079364	2002-07-26
Wonder Woman	0451279	212609246	149000000	1.4269076912751677	2017-06-02
Back to the Future	0088763	210609762	19000000	11.084724315789474	1985-07-03
Mission: Impossible - Ghost Protocol	1229238	209364921	145000000	1.4438960068965516	2011-12-21
Sherlock Holmes	0988045	209019489	90000000	2.3224387666666666	2009-12-25
Dawn of the Planet of the Apes	2103281	208543795	170000000	1.226728205882353	2014-07-11
Charlie and the Chocolate Factory	0367594	206456431	150000000	1.3763762066666667	2005-07-15
Thor: The Dark World	1981115	206360018	170000000	1.2138824588235295	2013-11-08
Austin Powers: The Spy Who Shagged Me	0145660	205399422	33000000	6.224224909090909	1999-06-11
Batman Begins	0372784	205343774	150000000	1.3689584933333334	2005-06-15
The Amazing Spider-Man 2	1872181	202853933	200000000	1.014269665	2014-05-02
World War Z	0816711	202351611	190000000	1.0650084789473684	2013-06-21
The Mummy Returns	0209163	202007640	98000000	2.0613024489795917	2001-05-04
Armageddon	0120591	201573391	140000000	1.4398099357142857	1998-07-01
Tangled	0398286	200807262	260000000	0.772335623076923	2010-11-24
Godzilla	0831387	200661309	160000000	1.25413318125	2014-05-16
Spectre	2379713	200074175	245000000	0.8166292857142857	2015-11-06
Superman Returns	0348150	200069408	270000000	0.7409978074074074	2006-06-28
Monsters vs. Aliens	0892782	198332128	175000000	1.1333264457142858	2009-03-27
Indiana Jones and the Last Crusade	0097576	197171806	48000000	4.107745958333333	1989-05-24
Ice Age: Dawn of the Dinosaurs	1080016	196573705	90000000	2.1841522777777778	2009-07-01
Ice Age: The Meltdown	0438097	195329763	80000000	2.4416220375	2006-03-31
Mission: Impossible - Rogue Nation	2381249	195000874	150000000	1.3000058266666668	2015-07-31
Madagascar	0351283	193136719	75000000	2.575156253333333	2005-05-27
Toy Story	0114709	191796233	30000000	6.3932077666666665	1995-11-22
Cars 2	1216475	191450875	200000000	0.957254375	2011-06-24
Teenage Mutant Ninja Turtles	1291150	190871240	125000000	1.52696992	2014-08-08
Men in Black II	0120912	190418803	140000000	1.360134307142857	2002-07-03
Wreck-It Ralph	1772341	189412677	165000000	1.1479556181818182	2012-11-02
Interstellar	0816692	187991439	165000000	1.1393420545454545	2014-11-07
Gladiator	0172495	187670866	103000000	1.8220472427184466	2000-05-05
The Croods	0481499	187165546	135000000	1.3864114518518518	2013-03-22
Sherlock Holmes: A Game of Shadows	1515091	186830669	125000000	1.494645352	2011-12-16
The Day After Tomorrow	0319262	186739919	125000000	1.493919352	2004-05-28
Dances with Wolves	0099348	184208848	22000000	8.373129454545454	1990-11-21
Batman Forever	0112462	184031112	100000000	1.84031112	1995-06-16
The Revenant	1663202	183635922	135000000	1.360266088888889	2016-01-08
The Simpsons Movie	0462538	183132370	75000000	2.4417649333333333	2007-07-27
The Perfect Storm	0177971	182618434	140000000	1.3044173857142858	2000-06-30
Jurassic Park III	0163025	181166115	93000000	1.9480227419354839	2001-07-18
Thor	0800369	181015141	150000000	1.2067676066666666	2011-05-06
Mission: Impossible	0117060	180965237	80000000	2.2620654625	1996-05-22
Ant-Man	0478970	180191634	130000000	1.3860894923076923	2015-07-17
Planet of the Apes	0133152	180011740	100000000	1.8001174	2001-07-27
Madagascar: Escape 2 Africa	0479952	179982968	150000000	1.1998864533333333	2008-11-07
X-Men Origins: Wolverine	0458525	179883016	150000000	1.1992201066666666	2009-05-01
Indiana Jones and the Temple of Doom	0087469	179870271	28000000	6.42393825	1984-05-23
Men in Black 3	1409024	179020854	225000000	0.79564824	2012-05-25
Home	2224026	177343675	135000000	1.3136568518518519	2015-03-27
Night at the Museum: Battle of the Smithsonian	1078912	177243721	150000000	1.1816248066666666	2009-05-22
How to Train Your Dragon 2	1646971	176997107	145000000	1.2206697034482759	2014-06-13
Captain America: The First Avenger	0458339	176636816	140000000	1.261691542857143	2011-07-22
Ice Age	0268380	176387405	59000000	2.989617033898305	2002-03-15
The LEGO Batman Movie	4116284	175686290	80000000	2.196078625	2017-02-10
Crocodile Dundee	0090555	174635000	8800000	19.844886363636363	1986-09-26
Home Alone 2: Lost in New York	0104431	173585516	18000000	9.643639777777778	1992-11-20
National Treasure	0368891	173005002	100000000	1.73005002	2004-11-19
Air Force One	0118571	172620724	85000000	2.0308320470588237	1997-07-25
Apollo 13	0112384	172071312	52000000	3.309063692307692	1995-06-30
Tron	1104001	172051787	170000000	1.0120693352941177	2010-12-17
Tarzan	0120855	171085177	130000000	1.316039823076923	1999-06-18
True Grit	1403865	171031347	38000000	4.500824921052631	2010-12-22
Quantum of Solace	0830515	168368427	200000000	0.841842135	2008-11-14
Wild Hogs	0486946	168213584	0	0	2007-03-02
Kong: Skull Island	3731562	167986460	185000000	0.908034918918919	2017-03-10
Casino Royale	0381061	167007184	150000000	1.1133812266666667	2006-11-17
2012	1190080	166112167	200000000	0.830560835	2009-11-13
Robin Hood: Prince of Thieves	0102798	165500000	48000000	3.4479166666666665	1991-06-14
Kung Fu Panda 2	1302011	165230261	150000000	1.1015350733333333	2011-05-26
Clash of the Titans	0800320	163192114	125000000	1.305536912	2010-04-02
A Bug's Life	0120623	162792677	120000000	1.3566056416666668	1998-11-25
The SpongeBob Movie: Sponge Out of Water	2279373	162495848	74000000	2.195889837837838	2015-02-06
Ice Age: Continental Drift	1667889	161317423	95000000	1.6980781368421052	2012-07-13
Shark Tale	0307453	160762022	75000000	2.143493626666667	2004-10-01
Die Another Day	0246460	160201106	142000000	1.1281768028169015	2002-11-22
Star Trek Beyond	2660888	158804470	185000000	0.8584025405405405	2016-07-22
X-Men	0120903	157299717	75000000	2.09732956	2000-07-14
X-Men: Apocalypse	3385516	155333829	178000000	0.8726619606741574	2016-05-27
The Mummy	0120616	155247825	80000000	1.9405978125	1999-05-07
San Andreas	2126355	155181732	110000000	1.4107430181818181	2015-05-29
Snow White and the Huntsman	1735898	155111815	170000000	0.9124224411764705	2012-06-01
Over the Hedge	0327084	155019340	80000000	1.93774175	2006-05-19
Fantastic Four	0120667	154695569	100000000	1.54695569	2005-07-08
Horton Hears a Who!	0451079	154529187	85000000	1.8179904352941176	2008-03-14
Who Framed Roger Rabbit	0096438	154222492	70000000	2.203178457142857	1988-06-22
Trolls	1679335	153694574	125000000	1.229556592	2016-11-04
Mad Max: Fury Road	1392190	153629485	150000000	1.0241965666666666	2015-05-15
Scooby-Doo	0267913	153288182	84000000	1.8248593095238095	2002-06-14
101 Dalmatians	0055254	153000000	4000000	38.25	1961-01-25
Divergent	1840309	150832203	85000000	1.774496505882353	2014-03-21
Rambo: First Blood Part II	0089880	150415432	44000000	3.4185325454545454	1985-05-22
Terminator 3: Rise of the Machines	0181852	150350192	200000000	0.75175096	2003-07-02
G.I. Joe: The Rise of Cobra	1046173	150167630	175000000	0.8581007428571429	2009-08-07
Puss in Boots	0448694	149234747	130000000	1.1479595923076924	2011-10-28
X: First Class	1270798	146405371	160000000	0.91503356875	2011-06-03
Lilo & Stitch	0275847	145771527	80000000	1.8221440875	2002-06-21
Rio	1436562	143618384	90000000	1.5957598222222222	2011-04-15
Kung Fu Panda 3	2267968	143523463	145000000	0.9898169862068965	2016-01-29
The Smurfs	0472181	142614158	110000000	1.2964923454545454	2011-07-29
The Jungle Book	0061852	141843612	4000000	35.460903	1967-12-07
The Chronicles of Narnia: Prince Caspian	0499448	141614023	225000000	0.6293956577777777	2008-05-16
Pocahontas	0114148	141600000	55000000	2.5745454545454547	1995-06-23
xXx	0295701	141204016	70000000	2.0172002285714288	2002-08-09
Stuart Little	0164912	140015224	133000000	1.052746045112782	1999-12-17
Dinosaur	0130623	137748063	127500000	1.0803769647058823	2000-05-19
Pirates of the Caribbean: Dead Men Tell No Tales	1790809	137110551	230000000	0.5961328304347826	2017-05-26
101 Dalmatians	0115433	136182161	75000000	1.8157621466666667	1996-11-27
Chicken Little	0371606	135381507	150000000	0.90254338	2005-11-04
Teenage Mutant Ninja Turtles	0100758	135270000	13500000	10.02	1990-03-30
Live Free or Die Hard	0337978	134520804	110000000	1.2229164	2007-06-27
The Incredible Hulk	0800080	134518390	150000000	0.8967892666666667	2008-06-13
Superman	0078346	134218018	55000000	2.4403276	1978-12-15
The Rock	0117500	134006721	75000000	1.78675628	1996-06-07
Mission: Impossible III	0317919	133382309	150000000	0.8892153933333333	2006-05-05
Troy	0332452	133228348	175000000	0.7613048457142857	2004-05-14
Alvin and the Chipmunks: Chipwrecked	1615918	133103929	75000000	1.7747190533333332	2011-12-16
The Wolverine	1430132	132550960	120000000	1.1045913333333333	2013-07-26
Minority Report	0181689	132014112	102000000	1.294256	2002-06-21
Fantastic Four: Rise of the Silver Surfer	0486576	131920333	130000000	1.0147717923076922	2007-06-15
The Last Airbender	0938283	131564731	150000000	0.8770982066666667	2010-07-01
Rio 2	2357291	131536019	103000000	1.2770487281553398	2014-04-11
Lara Croft: Tomb Raider	0146316	131144183	115000000	1.1403842	2001-06-15
Honey, I Shrunk the Kids	0097523	130724200	18000000	7.262455555555555	1989-06-23
Get Smart	0425061	130313314	80000000	1.628916425	2008-06-20
The Peanuts Movie	2452042	130174897	99000000	1.3148979494949495	2015-11-06
Insurgent	2908446	129995817	110000000	1.1817801545454545	2015-03-20
Kingsman: The Secret Service	2802144	128248205	81000000	1.5833111728395062	2015-02-13
Robots	0358082	128200012	75000000	1.7093334933333333	2005-03-11
Crouching Tiger, Hidden Dragon	0190332	128067808	17000000	7.533400470588235	2001-01-12
Into the Woods	2180411	127997349	50000000	2.55994698	2014-12-25
The World Is Not Enough	0143145	126930660	135000000	0.9402271111111111	1999-11-19
Bee Movie	0389790	126597121	150000000	0.8439808066666666	2007-11-02
The Legend of Tarzan	0918940	126585313	180000000	0.7032517388888889	2016-07-01
Prometheus	1446714	126464904	130000000	0.9728069538461539	2012-06-08
Tomorrow Never Dies	0120347	125332007	110000000	1.1393818818181818	1997-12-19
Terminator Salvation	0438488	125320003	200000000	0.626600015	2009-05-21
Charlie's Angels	0160127	125305545	93000000	1.3473714516129032	2000-11-03
Life of Pi	0454876	124976634	120000000	1.04147195	2012-11-21
Cloudy with a Chance of Meatballs	0844471	124870275	100000000	1.24870275	2009-09-18
Rango	1192628	123207194	135000000	0.9126458814814815	2011-03-04
The Good Dinosaur	1979388	123070338	200000000	0.61535169	2015-11-25
G.I. Joe: Retaliation	1583421	122512052	130000000	0.9424004	2013-03-28
The Hunt for Red October	0099810	122012643	30000000	4.0670881	1990-03-02
Speed	0111257	121248145	30000000	4.041604833333333	1994-06-10
Mulan	0120762	120618403	90000000	1.3402044777777777	1998-06-19
Inglourious Basterds	0361748	120523073	75000000	1.6069743066666666	2009-08-21
Van Helsing	0338526	120025245	160000000	0.75015778125	2004-05-07
Cloudy with a Chance of Meatballs 2	1985966	119793567	78000000	1.5358149615384615	2013-09-27
Hook	0102057	119654900	70000000	1.7093557142857143	1991-12-11
G-Force	0436339	119420252	150000000	0.7961350133333334	2009-07-24
A Series of Unfortunate Events	0339291	118627117	140000000	0.84733655	2004-12-17
Back to the Future Part II	0096874	118500000	40000000	2.9625	1989-11-22
S.W.A.T.	0257076	116643346	80000000	1.458041825	2003-08-08
Green Lantern	1133985	116593191	200000000	0.582965955	2011-06-17
Bolt	0397892	114053579	150000000	0.7603571933333333	2008-11-21
Night at the Museum: Secret of the Tomb	2692250	113733726	127000000	0.8955411496062992	2014-12-19
The Bourne Legacy	1194173	113165635	125000000	0.90532508	2012-08-10
Spy Kids	0227538	112692062	35000000	3.2197732	2001-03-30
Spy Kids 3: Game Over	0338459	111760631	38000000	2.941069236842105	2003-07-25
Mr. Peabody & Sherman	0864835	111505642	145000000	0.7690044275862069	2014-03-07
Star Trek IV: The Voyage Home	0092007	109713132	25000000	4.38852528	1986-11-26
Crocodile Dundee II	0092493	109306210	14000000	7.807586428571429	1988-05-25
Ace Ventura: When Nature Calls	0112281	108360000	30000000	3.612	1995-11-10
Superman II	0081573	108200000	54000000	2.0037037037037035	1981-06-19
Hop	1411704	108012170	63000000	1.7144788888888889	2011-04-01
Epic	0848537	107515297	100000000	1.07515297	2013-05-24
Angry Birds	1985949	107506776	73000000	1.4726955616438355	2016-05-20
Chicken Run	0120630	106793915	45000000	2.373198111111111	2000-06-23
GoldenEye	0113189	106635996	60000000	1.7772666	1995-11-17
George of the Jungle	0119190	105263257	55000000	1.9138774	1997-07-16
Robin Hood	0955308	105219735	200000000	0.526098675	2010-05-14
The Chronicles of Narnia: The Voyage of the Dawn Treader	0980970	104383624	155000000	0.673442735483871	2010-12-10
The Princess and the Frog	0780521	104374107	105000000	0.9940391142857142	2009-12-11
Journey 2: The Mysterious Island	1397514	103812241	79000000	1.314079	2012-02-10
Rise of the Guardians	1446192	103400692	145000000	0.7131082206896552	2012-11-21
Independence Day: Resurgence	1628841	103137295	165000000	0.6250745151515151	2016-06-24
The Expendables	1320253	102981571	80000000	1.2872696375	2010-08-13
Jaws 2	0077766	102922376	20000000	5.1461188	1978-06-16
The Mummy: Tomb of the Dragon Emperor	0859163	102176165	145000000	0.7046632068965517	2008-08-01
Pacific Rim	1663662	101785482	190000000	0.5357130631578947	2013-07-12
Journey to the Center of the Earth	0373051	101702060	45000000	2.2600457777777776	2008-07-11
Maverick	0110478	101631272	75000000	1.3550836266666666	1994-05-20
The Prince of Egypt	0120794	101217900	70000000	1.44597	1998-12-18
Noah	1959490	101160529	125000000	0.809284232	2014-03-28
Charlie's Angels: Full Throttle	0305357	100685880	120000000	0.839049	2003-06-27
The Rugrats Movie	0134067	100491683	24000000	4.187153458333333	1998-11-20
The Cat in the Hat	0312528	100446895	109000000	0.9215311467889908	2003-11-21
Jumanji	0113497	100200000	65000000	1.5415384615384615	1995-12-15
Edge of Tomorrow	1631867	100189501	178000000	0.5628623651685394	2014-06-06
Yogi Bear	1302067	100169068	80000000	1.25211335	2010-12-17
Passengers	1355644	100014092	110000000	0.9092190181818182	2016-12-21
Die Hard with a Vengeance	0112864	100012500	90000000	1.11125	1995-05-19
Hercules	0119282	99046791	85000000	1.1652563647058825	1997-06-27
Meet the Robinsons	0396555	97821064	150000000	0.6521404266666667	2007-03-30
Sausage Party	1700841	97661826	19000000	5.140096105263158	2016-08-12
Inspector Gadget	0141369	97360069	90000000	1.0817785444444445	1999-07-23
Cold Mountain	0159365	95632614	79000000	1.210539417721519	2003-12-25
The Book of Eli	1037705	94822707	80000000	1.1852838375	2010-01-15
10,000 BC	0443649	94770548	105000000	0.9025766476190477	2008-03-07
Beverly Hills Chihuahua	1014775	94497271	20000000	4.72486355	2008-10-03
Master and Commander: The Far Side of the World	0311113	93926386	150000000	0.6261759066666667	2003-11-14
The Mask of Zorro	0120746	93771072	65000000	1.4426318769230768	1998-07-17
Lady and the Tramp	0048280	93600000	4000000	23.4	1955-06-22
The Bucket List	0825232	93452056	45000000	2.0767123555555553	2008-01-11
Tomorrowland	1964418	93417865	190000000	0.49167297368421053	2015-05-22
The Magnificent Seven	2404435	93381044	90000000	1.0375671555555555	2016-09-23
The Poseidon Adventure	0069113	93300000	5000000	18.66	1972-12-13
Star Trek: First Contact	0117731	92001027	45000000	2.0444672666666666	1996-11-22
Prince of Persia: The Sands of Time	0473075	90755643	200000000	0.453778215	2010-05-28
Antz	0120587	90646554	105000000	0.8633005142857143	1998-10-02
Space Cowboys	0186566	90454043	65000000	1.3916006615384615	2000-08-04
Space Jam	0117705	90443603	80000000	1.1305450375	1996-11-15
The Scorpion King	0277296	90341670	60000000	1.5056945	2002-04-19
Planes	1691917	90282580	50000000	1.8056516	2013-08-09
Terminator Genisys	1340138	89732035	155000000	0.5789163548387096	2015-07-01
The Emperor's New Groove	0120917	89296573	100000000	0.89296573	2000-12-15
The Lone Ranger	1210819	89289910	215000000	0.4153019069767442	2013-07-03
Oblivion	1483013	89021735	120000000	0.7418477916666667	2013-04-19
Percy Jackson & the Olympians: The Lightning Thief	0814255	88761720	95000000	0.9343338947368421	2010-02-12
The Muppets	1204342	88625922	45000000	1.9694649333333334	2011-11-23
Waterworld	0114898	88246220	175000000	0.5042641142857143	1995-07-28
Back to the Future Part III	0099088	87666629	40000000	2.191665725	1990-05-25
Peter Pan	0046183	87400000	4000000	21.85	1953-02-05
Miss Peregrine's Home for Peculiar Children	1935859	87240689	110000000	0.7930971727272728	2016-09-30
Alvin and the Chipmunks: The Road Chip	2974918	85884815	90000000	0.9542757222222222	2015-12-18
Pokémon: The First Movie - Mewtwo Strikes Back	0190641	85744662	30000000	2.8581554	1999-11-10
Spy Kids 2: Island of Lost Dreams	0287717	85570368	38000000	2.251851789473684	2002-08-07
The SpongeBob SquarePants Movie	0345950	85416609	30000000	2.8472203	2004-11-19
Brother Bear	0328880	85329248	128000000	0.66663475	2003-10-31
Alien	0078748	85200000	11000000	7.745454545454545	1979-06-22
Power Rangers	3717490	85067486	100000000	0.85067486	2017-03-24
The Expendables 2	1764651	85017401	100000000	0.85017401	2012-08-17
The Santa Clause 3: The Escape Clause	0452681	84497876	12000000	7.041489666666667	2006-11-03
Open Season	0400717	84303558	85000000	0.9918065647058824	2006-09-29
Scooby-Doo 2: Monsters Unleashed	0331632	84185387	80000000	1.0523173375	2004-03-26
Cliffhanger	0106582	84049211	70000000	1.2007030142857142	1993-05-28
Atlantis: The Lost Empire	0230011	84037039	120000000	0.7003086583333333	2001-06-15
Wrath of the Titans	1646987	83640426	150000000	0.55760284	2012-03-30
Penguins of Madagascar	1911658	83348920	132000000	0.6314312121212121	2014-11-26
Turbo	1860353	83024900	135000000	0.6149992592592592	2013-07-17
Cheaper by the Dozen 2	0452598	82569532	60000000	1.3761588666666666	2005-12-21
See full summary	0368578	82301521	32000000	2.57192253125	2005-01-21
Star Trek: The Motion Picture	0079945	82300000	35000000	2.3514285714285714	1979-12-08
Bridge to Terabithia	0398808	82234139	17000000	4.837302294117647	2007-02-16
The Pink Panther	0383216	82226474	65000000	1.265022676923077	2006-02-10
Beowulf	0442933	82161969	150000000	0.54774646	2007-11-16
Eight Below	0397313	81593527	40000000	2.039838175	2006-02-17
Ted 2	2637276	81257500	68000000	1.1949632352941177	2015-06-26
Snow Dogs	0281373	81150692	35000000	2.3185912	2002-01-18
Congo	0112715	81022333	50000000	1.62044666	1995-06-09
Jimmy Neutron: Boy Genius	0268397	80920948	30000000	2.697364933333333	2001-12-21
The Dukes of Hazzard	0377818	80270227	50000000	1.60540454	2005-08-05
Jumper	0489099	80170146	85000000	0.9431781882352941	2008-02-14
Goosebumps	1051904	80021740	58000000	1.379685172413793	2015-10-16
The Ten Commandments	0049833	80000000	13282712	6.0228664146297834	1956-10-05
The Golden Child	0091129	79817937	25000000	3.19271748	1986-12-12
Star Trek II: The Wrath of Khan	0084726	78900000	11200000	7.044642857142857	1982-06-04
Teenage Mutant Ninja Turtles II: The Secret of the Ooze	0103060	78656813	25000000	3.14627252	1991-03-22
A.I. Artificial Intelligence	0212720	78616689	100000000	0.78616689	2001-06-29
Free Willy	0106965	77698625	20000000	3.88493125	1993-07-16
The Adventures of Tintin	0983193	77564037	135000000	0.5745484222222222	2011-12-21
Where the Wild Things Are	0386117	77222184	100000000	0.77222184	2009-10-16
The A-Team	0429493	77213489	110000000	0.7019408090909091	2010-06-11
Alice Through the Looking Glass	2567026	77037635	170000000	0.4531625588235294	2016-05-27
The Muppet Movie	0079588	76657000	0	0	1979-06-22
Rugrats in Paris: The Movie	0213203	76501438	30000000	2.5500479333333335	2000-11-17
Star Trek III: The Search for Spock	0088170	76400000	17000000	4.4941176470588236	1984-06-01
Pete's Dragon	2788732	76204454	65000000	1.1723762153846153	2016-08-12
Hellboy II: The Golden Army	0411477	75754670	85000000	0.8912314117647059	2008-07-11
Star Trek: Generations	0111280	75668868	35000000	2.161967657142857	1994-11-18
Zombieland	1156398	75590286	23600000	3.202978220338983	2009-10-02
Eragon	0449010	75030163	100000000	0.75030163	2006-12-15
Romancing the Stone	0088011	74900000	10000000	7.49	1984-03-30
Star Trek VI: The Undiscovered Country	0102975	74888996	30000000	2.4962998666666665	1991-12-06
Six Days Seven Nights	0120828	74329966	70000000	1.0618566571428572	1998-06-12
Hugo	0970179	73820094	150000000	0.49213396	2011-11-23
Monster House	0385880	73661010	75000000	0.9821468	2006-07-21
Oliver & Company	0095776	73450885	31000000	2.369383387096774	1988-11-18
Spirit: Stallion of the Cimarron	0166813	73215310	80000000	0.915191375	2002-05-24
John Carter	0401729	73058679	250000000	0.292234716	2012-03-09
Hercules	1267297	72660029	100000000	0.72660029	2014-07-25
Storks	4624424	72655779	70000000	1.0379397	2016-09-23
The Last of the Mohicans	0104691	72455275	40000000	1.811381875	1992-09-25
Stargate	0111282	71565669	55000000	1.301193981818182	1994-10-28
Galaxy Quest	0177789	71423726	45000000	1.587193911111111	1999-12-25
RV	0449089	71402035	65000000	1.0984928461538461	2006-04-28
The Spiderwick Chronicles	0416236	71148699	90000000	0.7905411	2008-02-14
The Smurfs 2	2017020	71017784	105000000	0.6763598476190477	2013-07-31
Mortal Kombat	0113855	70360285	18000000	3.908904722222222	1995-08-18
Fool's Gold	0770752	70224196	70000000	1.0032028	2008-02-08
Star Trek: Insurrection	0120844	70117571	58000000	1.2089236379310344	1998-12-11
The Golden Compass	0385752	70083519	180000000	0.38935288333333334	2007-12-07
Act of Valor	1591479	70011073	12000000	5.834256083333333	2012-02-24
Ben-Hur	0052618	70000000	15900000	4.40251572327044	1960-01-29
Lost in Space	0120738	69102910	80000000	0.863786375	1998-04-03
Cool Runnings	0106611	68856263	15000000	4.5904175333333335	1993-10-01
Executive Decision	0116253	68750000	55000000	1.25	1996-03-15
Sahara	0318649	68642452	130000000	0.5280188615384616	2005-04-08
Percy Jackson: Sea of Monsters	1854564	68558662	90000000	0.7617629111111112	2013-08-07
Road Trip	0215129	68525609	16000000	4.2828505625	2000-05-19
Vertical Limit	0190865	68473360	75000000	0.9129781333333333	2000-12-08
Octopussy	0086034	67900000	27500000	2.4690909090909092	1983-06-10
Holes	0311289	67325559	20000000	3.36627795	2003-04-18
Hidalgo	0317648	67286731	100000000	0.67286731	2004-03-05
Dante's Peak	0118928	67155742	116000000	0.5789288103448276	1997-02-07
Race to Witch Mountain	1075417	67128202	65000000	1.0327415692307693	2009-03-13
102 Dalmatians	0211181	66941559	85000000	0.7875477529411765	2000-11-22
The Mexican	0236493	66808615	57000000	1.1720809649122808	2001-03-02
Kangaroo Jack	0257568	66734992	60000000	1.1122498666666667	2003-01-17
The League of Extraordinary Gentlemen	0311429	66462600	78000000	0.8520846153846153	2003-07-11
The Parent Trap	0120783	66304095	0	0	1998-07-29
Big Fish	0319061	66257002	70000000	0.9465286	2004-01-09
Allegiant	3410834	66002193	110000000	0.6000199363636364	2016-03-18
Herbie Fully Loaded	0400497	66002004	50000000	1.32004008	2005-06-22
Lara Croft Tomb Raider: The Cradle of Life	0325703	65653758	95000000	0.6910921894736842	2003-07-25
See full summary	0089370	65600000	25000000	2.624	1985-12-11
Anaconda	0118615	65557989	45000000	1.4568442	1997-04-11
Battleship	1440129	65173160	209000000	0.3118333014354067	2012-05-18
Jack the Giant Slayer	1351685	65171860	195000000	0.33421466666666666	2013-03-01
Now You See Me 2	3110958	65030563	90000000	0.7225618111111111	2016-06-10
Exodus: Gods and Kings	1528100	65007045	140000000	0.4643360357142857	2014-12-12
Mirror Mirror	1667353	64933670	85000000	0.7639255294117647	2012-03-30
Stuart Little 2	0243585	64736114	120000000	0.5394676166666666	2002-07-19
Flushed Away	0424095	64459316	149000000	0.4326128590604027	2006-11-03
A Dog's Purpose	1753383	64304940	22000000	2.922951818181818	2017-01-27
The Nut Job	1821658	64238770	42000000	1.5294945238095239	2014-01-17
Ice Age: Collision Course	3416828	64060187	105000000	0.610097019047619	2016-07-22
Sky High	0405325	63939454	35000000	1.826841542857143	2005-07-29
Thunderball	0059800	63600000	9000000	7.066666666666666	1965-12-22
The Fifth Element	0119116	63540020	93000000	0.6832260215053764	1997-05-09
The Sorcerer's Apprentice	0963966	63143812	150000000	0.42095874666666666	2010-07-14
Beavis and Butt-Head Do America	0115641	63071133	12000000	5.25592775	1996-12-20
Moonraker	0079574	62700000	34000000	1.8441176470588236	1979-06-29
Underworld: Evolution	0401855	62318875	50000000	1.2463775	2006-01-20
For Your Eyes Only	0082398	62300000	28000000	2.225	1981-06-26
The Goonies	0089218	61400000	19000000	3.231578947368421	1985-06-07
National Lampoon's Vacation	0085995	61400000	15000000	4.093333333333334	1983-07-29
The Saint	0120053	61355436	68000000	0.9022858235294118	1997-04-04
Mission to Mars	0183523	60874615	100000000	0.60874615	2000-03-10
Poseidon	0409182	60655503	160000000	0.37909689375	2006-05-12
Three Kings	0120188	60652036	75000000	0.8086938133333333	1999-10-01
After Earth	1815862	60522097	130000000	0.4655545923076923	2013-05-31
Shanghai Knights	0300471	60470220	50000000	1.2094044	2003-02-07
Resident Evil: Afterlife	1220634	60128566	60000000	1.0021427666666667	2010-09-10
Spies Like Us	0090056	60100000	22000000	2.731818181818182	1985-12-06
Snow Day	0184907	60008303	13000000	4.616023307692307	2000-02-11
Planes: Fire & Rescue	2980706	59157732	50000000	1.18315464	2014-07-18
The Grand Budapest Hotel	2278388	59073773	25000000	2.36295092	2014-03-28
See full summary	0104231	58883840	60000000	0.9813973333333333	1992-05-22
Vacation	1524930	58879132	31000000	1.8993268387096773	2015-07-29
Total Recall	1386703	58877969	125000000	0.471023752	2012-08-03
Honey I Blew Up the Kid	0104437	58662452	40000000	1.4665613	1992-07-17
Jack Reacher: Never Go Back	3393786	58399160	60000000	0.9733193333333333	2016-10-21
Curious George	0381971	58336565	50000000	1.1667313	2006-02-10
Anastasia	0118617	58297830	50000000	1.1659566	1997-11-21
The Secret Life of Walter Mitty	0359950	58229120	90000000	0.6469902222222222	2013-12-25
Without a Paddle	0364751	58156435	19000000	3.060865	2004-08-20
The Chronicles of Riddick	0296572	57637485	105000000	0.5489284285714285	2004-06-11
Blood Diamond	0450259	57366262	100000000	0.57366262	2006-12-08
Willow	0096446	57269863	35000000	1.6362818	1988-05-20
Escape from Planet Earth	0765446	57011847	40000000	1.425296175	2013-02-15
Shanghai Noon	0184894	56932305	55000000	1.0351328181818182	2000-05-26
The Man in the Iron Mask	0120744	56876365	35000000	1.625039	1998-03-13
2001: A Space Odyssey	0062622	56715371	12000000	4.726280916666667	1968-05-12
The Time Machine	0268695	56684819	80000000	0.7085602375	2002-03-08
Rat Race	0250687	56607223	48000000	1.1793171458333334	2001-08-17
Fantastic Four	1502712	56114221	120000000	0.46761850833333335	2015-08-07
A Knight's Tale	0183790	56083966	65000000	0.8628302461538462	2001-05-11
ParaNorman	1623288	55994557	60000000	0.9332426166666666	2012-08-17
Free Birds	1621039	55747724	55000000	1.0135949818181818	2013-11-01
Legend of the Guardians: The Owls of Ga'Hoole	1219342	55673333	80000000	0.6959166625	2010-09-24
Never Say Never Again	0086006	55500000	36000000	1.5416666666666667	1983-10-07
The BFG	3691740	55472665	140000000	0.39623332142857143	2016-07-01
Star Trek V: The Final Frontier	0098382	55210049	27800000	1.9859729856115107	1989-06-09
I Am Number Four	1464540	55092830	60000000	0.9182138333333333	2011-02-18
The Guardian	0406816	54983983	70000000	0.7854854714285714	2006-09-29
Starship Troopers	0120201	54700065	105000000	0.520953	1997-11-07
Assassin's Creed	2094766	54645723	125000000	0.437165784	2016-12-21
The Count of Monte Cristo	0245844	54228104	35000000	1.5493744	2002-01-25
The Abyss	0096754	54222000	70000000	0.7746	1989-08-09
TMNT	0453556	54132596	34000000	1.5921351764705882	2007-03-23
Small Soldiers	0122718	53955614	40000000	1.34889035	1998-07-10
