Finding Dory	2277860	486292984	200000000	2.43146492	2016-06-17
Shrek 2	0298148	436471036	150000000	2.9098069066666667	2004-05-19
Toy Story 3	0435761	414984497	200000000	2.074922485	2010-06-18
Frozen	2294629	400736600	150000000	2.6715773333333335	2013-11-27
Finding Nemo	0266543	380838870	94000000	4.0514773404255315	2003-05-30
The Secret Life of Pets	2709768	368305960	75000000	4.910746133333333	2016-07-08
Despicable Me 2	1690953	368049635	76000000	4.8427583552631575	2013-07-03
Deadpool	1431045	363024263	58000000	6.2590390172413795	2016-02-12
Inside Out	2096673	356454367	175000000	2.036882097142857	2015-06-19
Zootopia	2948356	341264012	150000000	2.2750934133333334	2016-03-04
Minions	2293640	336029560	74000000	4.54094	2015-07-10
Forrest Gump	0109830	329691196	55000000	5.994385381818182	1994-07-06
Shrek the Third	0413267	320706665	160000000	2.00441665625	2007-05-18
Up	1049413	292979556	175000000	1.6741688914285715	2009-05-29
Monsters, Inc.	0198781	289907418	115000000	2.5209340695652176	2001-11-02
Home Alone	0099785	285761243	18000000	15.87562461111111	1990-11-16
Meet the Fockers	0290002	279167575	80000000	3.4895946875	2004-12-22
The Hangover	1119646	277313371	35000000	7.9232391714285715	2009-06-05
Sing	3470600	270322340	75000000	3.6042978666666667	2016-12-21
Monsters University	1453405	268488329	200000000	1.342441645	2013-06-21
Shrek	0126029	267652016	60000000	4.4608669333333335	2001-05-18
How the Grinch Stole Christmas	0170016	260031035	123000000	2.114073455284553	2000-11-17
The Lego Movie	1490017	257756197	60000000	4.295936616666666	2014-02-07
The Hangover Part II	1411697	254455986	80000000	3.180699825	2011-05-26
Despicable Me	1323594	251501645	69000000	3.644951376811594	2010-07-09
Night at the Museum	0477347	250863268	110000000	2.280575163636364	2006-12-22
Men in Black	0119654	250147615	90000000	2.7794179444444445	1997-07-02
Moana	3521164	248752120	150000000	1.6583474666666667	2016-11-23
Toy Story 2	0120363	245823397	90000000	2.7313710777777778	1999-11-24
Cars	0317219	244052771	120000000	2.0337730916666668	2006-06-09
Bruce Almighty	0315327	242589580	81000000	2.994933086419753	2003-05-23
My Big Fat Greek Wedding	0259446	241437427	5000000	48.2874854	2002-08-02
Shrek Forever After	0892791	238371987	165000000	1.444678709090909	2010-05-21
Brave	1217209	237282182	185000000	1.2826063891891892	2012-06-22
Beverly Hills Cop	0086960	234760500	14000000	16.768607142857142	1984-12-05
Ghostbusters	0087332	229242989	30000000	7.641432966666667	1984-06-08
Rush Hour 2	0266915	226138454	90000000	2.512649488888889	2001-08-03
Big Hero 6	2245084	222487711	165000000	1.3484103696969696	2014-11-07
Alvin and the Chipmunks: The Squeakquel	1231580	219613391	75000000	2.9281785466666665	2009-12-23
Mrs. Doubtfire	0107614	219200000	25000000	8.768	1993-11-24
Ted	1637725	218628680	50000000	4.3725736	2012-06-29
How to Train Your Dragon	0892769	217387997	165000000	1.3175030121212121	2010-03-26
Aladdin	0103639	217350219	28000000	7.762507821428572	1992-11-25
Alvin and the Chipmunks	0952640	217326336	60000000	3.6221056	2007-12-14
Madagascar 3: Europe's Most Wanted	1277953	216366733	145000000	1.4921843655172413	2012-06-08
Kung Fu Panda	0441773	215395021	130000000	1.656884776923077	2008-06-06
The Lorax	1482459	213949505	70000000	3.0564215	2012-03-02
Austin Powers in Goldmember	0295178	213079163	63000000	3.3822089365079364	2002-07-26
Back to the Future	0088763	210609762	19000000	11.084724315789474	1985-07-03
Wedding Crashers	0396269	209218368	40000000	5.2304592	2005-07-15
Charlie and the Chocolate Factory	0367594	206456431	150000000	1.3763762066666667	2005-07-15
Ratatouille	0382932	206435493	150000000	1.37623662	2007-06-29
Austin Powers: The Spy Who Shagged Me	0145660	205399422	33000000	6.224224909090909	1999-06-11
Tangled	0398286	200807262	260000000	0.772335623076923	2010-11-24
Monsters vs. Aliens	0892782	198332128	175000000	1.1333264457142858	2009-03-27
Happy Feet	0366548	197992827	100000000	1.97992827	2006-11-17
Ice Age: Dawn of the Dinosaurs	1080016	196573705	90000000	2.1841522777777778	2009-07-01
Ice Age: The Meltdown	0438097	195329763	80000000	2.4416220375	2006-03-31
Madagascar	0351283	193136719	75000000	2.575156253333333	2005-05-27
Toy Story	0114709	191796233	30000000	6.3932077666666665	1995-11-22
22 Jump Street	2294449	191616238	50000000	3.83232476	2014-06-13
Cars 2	1216475	191450875	200000000	0.957254375	2011-06-24
Teenage Mutant Ninja Turtles	1291150	190871240	125000000	1.52696992	2014-08-08
Men in Black II	0120912	190418803	140000000	1.360134307142857	2002-07-03
Wreck-It Ralph	1772341	189412677	165000000	1.1479556181818182	2012-11-02
The Croods	0481499	187165546	135000000	1.3864114518518518	2013-03-22
Mr. & Mrs. Smith	0356910	186336103	120000000	1.5528008583333333	2005-06-10
Pitch Perfect 2	2848292	183436380	29000000	6.325392413793104	2015-05-15
The Simpsons Movie	0462538	183132370	75000000	2.4417649333333333	2007-07-27
What Women Want	0207201	182805123	70000000	2.611501757142857	2000-12-15
Liar Liar	0119528	181395380	45000000	4.031008444444445	1997-03-21
Ant-Man	0478970	180191634	130000000	1.3860894923076923	2015-07-17
Madagascar: Escape 2 Africa	0479952	179982968	150000000	1.1998864533333333	2008-11-07
Men in Black 3	1409024	179020854	225000000	0.79564824	2012-05-25
Pretty Woman	0100405	178406268	14000000	12.743304857142856	1990-03-23
Hitch	0386588	177575142	70000000	2.536787742857143	2005-02-11
Home	2224026	177343675	135000000	1.3136568518518519	2015-03-27
Night at the Museum: Battle of the Smithsonian	1078912	177243721	150000000	1.1816248066666666	2009-05-22
Tootsie	0084805	177200000	22000000	8.054545454545455	1982-12-17
How to Train Your Dragon 2	1646971	176997107	145000000	1.2206697034482759	2014-06-13
There's Something About Mary	0129387	176483808	23000000	7.673209043478261	1998-07-15
Ice Age	0268380	176387405	59000000	2.989617033898305	2002-03-15
The LEGO Batman Movie	4116284	175686290	80000000	2.196078625	2017-02-10
Crocodile Dundee	0090555	174635000	8800000	19.844886363636363	1986-09-26
Home Alone 2: Lost in New York	0104431	173585516	18000000	9.643639777777778	1992-11-20
Elf	0319343	173381405	33000000	5.253981969696969	2003-11-07
The Boss Baby	3874544	171823971	125000000	1.374591768	2017-03-31
Chicago	0299658	170684505	45000000	3.792989	2003-01-24
Hotel Transylvania 2	2510894	169692572	80000000	2.12115715	2015-09-25
Bridesmaids	1478338	169076745	32500000	5.202361384615385	2011-05-13
Wild Hogs	0486946	168213584	0	0	2007-03-02
3 Men and a Baby	0094137	167780960	11000000	15.252814545454546	1987-11-25
Meet the Parents	0212338	166225040	55000000	3.0222734545454544	2000-10-06
Kung Fu Panda 2	1302011	165230261	150000000	1.1015350733333333	2011-05-26
The Proposal	1041829	163947053	40000000	4.098676325	2009-06-19
Big Daddy	0142342	163479795	34200000	4.78011096491228	1999-06-25
A Bug's Life	0120623	162792677	120000000	1.3566056416666668	1998-11-25
The SpongeBob Movie: Sponge Out of Water	2279373	162495848	74000000	2.195889837837838	2015-02-06
Grown Ups	1375670	162001186	80000000	2.025014825	2010-06-25
The Waterboy	0120484	161487252	20000000	8.0743626	1998-11-06
Ice Age: Continental Drift	1667889	161317423	95000000	1.6980781368421052	2012-07-13
Shark Tale	0307453	160762022	75000000	2.143493626666667	2004-10-01
The Sting	0070735	159600000	5500000	29.01818181818182	1973-12-25
The Heat	2404463	159578352	43000000	3.711124465116279	2013-06-28
The Longest Yard	0398165	158115031	82000000	1.9282320853658537	2005-05-27
Scary Movie	0175142	156997084	19000000	8.263004421052631	2000-07-07
Over the Hedge	0327084	155019340	80000000	1.93774175	2006-05-19
Horton Hears a Who!	0451079	154529187	85000000	1.8179904352941176	2008-03-14
Who Framed Roger Rabbit	0096438	154222492	70000000	2.203178457142857	1988-06-22
Trolls	1679335	153694574	125000000	1.229556592	2016-11-04
Beverly Hills Cop II	0092644	153665036	28000000	5.488037	1987-05-20
Jerry Maguire	0116695	153620822	50000000	3.07241644	1996-12-13
Scooby-Doo	0267913	153288182	84000000	1.8248593095238095	2002-06-14
101 Dalmatians	0055254	153000000	4000000	38.25	1961-01-25
Sex and the City	1000774	152637269	65000000	2.3482656769230768	2008-05-30
Runaway Bride	0163187	152149590	70000000	2.1735655714285715	1999-07-30
La La Land	3783958	151058124	30000000	5.0352708	2016-12-25
We're the Millers	1723121	150368971	37000000	4.0640262432432435	2013-08-07
Daddy's Home	1528854	150315155	50000000	3.0063031	2015-12-25
Neighbors	2004420	150056505	18000000	8.3364725	2014-05-09
Puss in Boots	0448694	149234747	130000000	1.1479595923076924	2011-10-28
Knocked Up	0478311	148734225	30000000	4.9578075	2007-06-01
Little Fockers	0970866	148383780	100000000	1.4838378	2010-12-22
Megamind	1001526	148337537	130000000	1.1410579769230769	2010-11-05
Hotel Transylvania	0837562	148313048	85000000	1.744859388235294	2012-09-28
Talladega Nights: The Ballad of Ricky Bobby	0415306	148213377	72500000	2.04432244137931	2006-08-04
Gremlins	0087363	148170000	11000000	13.47	1984-06-08
As Good as It Gets	0119822	147637474	50000000	2.95274948	1997-12-25
True Lies	0111503	146282411	115000000	1.2720209652173913	1994-07-15
Lilo & Stitch	0275847	145771527	80000000	1.8221440875	2002-06-21
American Pie	0163651	145096820	11000000	13.19062	1999-07-09
The Santa Clause	0111070	144833357	22000000	6.583334409090909	1994-11-11
Doctor Dolittle	0118998	144156464	71500000	2.0161743216783217	1998-06-26
Mamma Mia!	0795421	143704210	52000000	2.7635425	2008-07-18
Rio	1436562	143618384	90000000	1.5957598222222222	2011-04-15
Kung Fu Panda 3	2267968	143523463	145000000	0.9898169862068965	2016-01-29
Juno	0467406	143492840	7500000	19.132378666666668	2007-12-25
Marley & Me	0822832	143151473	60000000	2.3858578833333333	2008-12-25
The Smurfs	0472181	142614158	110000000	1.2964923454545454	2011-07-29
Animal House	0077975	141600000	3000000	47.2	1978-07-28
Rush Hour	0120812	141153686	33000000	4.277384424242424	1998-09-18
Look Who's Talking	0097778	140088813	7500000	18.6785084	1989-10-13
Rush Hour 3	0293564	140080850	140000000	1.0005775	2007-08-10
Stuart Little	0164912	140015224	133000000	1.052746045112782	1999-12-17
The Rocky Horror Picture Show	0073629	139876417	1200000	116.56368083333334	1975-08-31
Sister Act	0105417	139610000	31000000	4.5035483870967745	1992-05-29
The Santa Clause 2	0304669	139225854	65000000	2.1419362153846153	2002-11-01
Cheaper by the Dozen	0349205	138614544	40000000	3.4653636	2003-12-25
21 Jump Street	1232829	138447667	42000000	3.2963730238095237	2012-03-16
Bad Boys II	0172156	138396624	130000000	1.0645894153846154	2003-07-18
Click	0389860	137340146	70000000	1.9620020857142857	2006-06-23
101 Dalmatians	0115433	136182161	75000000	1.8157621466666667	1996-11-27
Chicken Little	0371606	135381507	150000000	0.90254338	2005-11-04
Teenage Mutant Ninja Turtles	0100758	135270000	13500000	10.02	1990-03-30
Patch Adams	0129290	135014968	90000000	1.5001663111111112	1998-12-25
Identity Thief	2024432	134455175	35000000	3.8415764285714284	2013-02-08
Ride Along	1408253	134141530	25000000	5.3656612	2014-01-17
Anger Management	0305224	133756285	75000000	1.7834171333333333	2003-04-11
Grown Ups 2	2191701	133668525	80000000	1.6708565625	2013-07-12
Alvin and the Chipmunks: Chipwrecked	1615918	133103929	75000000	1.7747190533333332	2011-12-16
Bringing Down the House	0305669	132541238	33000000	4.016401151515152	2003-03-07
Silver Linings Playbook	1045658	132088910	21000000	6.2899480952380955	2012-12-25
Rio 2	2357291	131536019	103000000	1.2770487281553398	2014-04-11
Honey, I Shrunk the Kids	0097523	130724200	18000000	7.262455555555555	1989-06-23
The Flintstones	0109813	130512915	46000000	2.8372372826086956	1994-05-27
Get Smart	0425061	130313314	80000000	1.628916425	2008-06-20
The Peanuts Movie	2452042	130174897	99000000	1.3148979494949495	2015-11-06
The Nutty Professor	0117218	128769345	54000000	2.3846175	1996-06-28
Borat: Cultural Learnings of America for Make Benefit Glorious Nation of Kazakhstan	0443453	128505958	18000000	7.1392198888888885	2006-11-03
Ghostbusters	1289401	128344089	144000000	0.8912783958333333	2016-07-15
Kingsman: The Secret Service	2802144	128248205	81000000	1.5833111728395062	2015-02-13
Robots	0358082	128200012	75000000	1.7093334933333333	2005-03-11
Coming to America	0094898	128152301	39000000	3.285956435897436	1988-06-29
Into the Woods	2180411	127997349	50000000	2.55994698	2014-12-25
Enchanted	0461770	127706877	85000000	1.5024338470588234	2007-11-21
Central Intelligence	1489889	127380061	50000000	2.54760122	2016-06-17
Sweet Home Alabama	0256415	127214072	38000000	3.347738736842105	2002-09-27
Dumb and Dumber	0109686	127175354	16000000	7.948459625	1994-12-16
My Best Friend's Wedding	0119738	126805112	46000000	2.7566328695652174	1997-06-20
Smokey and the Bandit	0076729	126737428	4300000	29.47382046511628	1977-05-27
Sleepless in Seattle	0108160	126670704	21000000	6.031938285714285	1993-06-25
Bee Movie	0389790	126597121	150000000	0.8439808066666666	2007-11-02
Mr. Deeds	0280590	126203320	50000000	2.5240664	2002-06-28
The Truman Show	0120382	125603360	60000000	2.0933893333333335	1998-06-05
Charlie's Angels	0160127	125305545	93000000	1.3473714516129032	2000-11-03
Cloudy with a Chance of Meatballs	0844471	124870275	100000000	1.24870275	2009-09-18
The Devil Wears Prada	0458352	124732962	35000000	3.5637989142857145	2006-06-30
Something's Gotta Give	0337741	124590960	80000000	1.557387	2003-12-12
City Slickers	0101587	124033791	27000000	4.593844111111111	1991-06-07
The Birdcage	0115685	123986682	31000000	3.999570387096774	1996-03-08
Good Morning, Vietnam	0093105	123922370	13000000	9.53249	1988-01-15
Nutty Professor II: The Klumps	0144528	123307945	84000000	1.4679517261904762	2000-07-28
Rango	1192628	123207194	135000000	0.9126458814814815	2011-03-04
The Good Dinosaur	1979388	123070338	200000000	0.61535169	2015-11-25
Wayne's World	0105793	121697350	20000000	6.0848675	1992-02-14
Superbad	0829482	121463226	20000000	6.0731613	2007-08-17
50 First Dates	0343660	120776832	75000000	1.61035776	2004-02-13
Four Christmases	0369436	120136047	80000000	1.5017005875	2008-11-26
The Mask	0110475	119938730	18000000	6.663262777777778	1994-07-29
Cloudy with a Chance of Meatballs 2	1985966	119793567	78000000	1.5358149615384615	2013-09-27
I Now Pronounce You Chuck & Larry	0762107	119684970	85000000	1.4080584705882353	2007-07-20
Hook	0102057	119654900	70000000	1.7093557142857143	1991-12-11
Blazing Saddles	0071230	119500000	2600000	45.96153846153846	1974-02-07
G-Force	0436339	119420252	150000000	0.7961350133333334	2009-07-24
The Other Guys	1386588	119219978	100000000	1.19219978	2010-08-06
Hairspray	0427327	118823091	75000000	1.58430788	2007-07-20
The Break-Up	0452594	118683135	52000000	2.282367980769231	2006-06-02
A Series of Unfortunate Events	0339291	118627117	140000000	0.84733655	2004-12-17
Back to the Future Part II	0096874	118500000	40000000	2.9625	1989-11-22
Blades of Glory	0445934	118153533	61000000	1.9369431639344263	2007-03-30
Big Momma's House	0208003	117559438	30000000	3.9186479333333333	2000-06-02
Horrible Bosses	1499658	117528646	35000000	3.3579613142857143	2011-07-08
Jackass 3D	1116184	117224271	20000000	5.86121355	2010-10-15
The Wolf of Wall Street	0993846	116866727	100000000	1.16866727	2013-12-25
Notting Hill	0125439	116006080	42000000	2.762049523809524	1999-05-28
You've Got Mail	0128853	115731542	65000000	1.7804852615384614	1998-12-18
American Graffiti	0069704	115000000	777000	148.00514800514802	1973-09-01
Big	0094737	114968774	18000000	6.387154111111111	1988-06-03
Dodgeball: A True Underdog Story	0364725	114324072	20000000	5.7162036	2004-06-18
Bolt	0397892	114053579	150000000	0.7603571933333333	2008-11-21
Wild Wild West	0120891	113745408	170000000	0.6690906352941176	1999-06-30
Night at the Museum: Secret of the Tomb	2692250	113733726	127000000	0.8955411496062992	2014-12-19
Magic Mike	1915581	113709992	7000000	16.244284571428572	2012-06-29
The Addams Family	0101272	113502246	30000000	3.7834082	1991-11-22
Bad Moms	4651520	113078694	20000000	5.6539347	2016-07-29
The Pacifier	0395699	113006880	56000000	2.01798	2005-03-04
Dr. Dolittle 2	0240462	112950721	70000000	1.6135817285714287	2001-06-22
It's Complicated	1230414	112703470	85000000	1.3259231764705883	2009-12-25
Spy Kids	0227538	112692062	35000000	3.2197732	2001-03-30
Ghostbusters II	0097428	112494738	37000000	3.0403983243243244	1989-06-16
The Hangover Part III	1951261	112186625	103000000	1.0891905339805825	2013-05-23
Twins	0096320	111936400	15000000	7.4624266666666665	1988-12-09
Spy Kids 3: Game Over	0338459	111760631	38000000	2.941069236842105	2003-07-25
Mr. Peabody & Sherman	0864835	111505642	145000000	0.7690044275862069	2014-03-07
Spy	3079380	110822419	65000000	1.7049602923076923	2015-06-05
Valentine's Day	0817230	110476776	52000000	2.1245533846153846	2010-02-12
Tropic Thunder	0942385	110416702	92000000	1.2001815434782608	2008-08-13
Fun with Dick and Jane	0369441	110332737	100000000	1.10332737	2005-12-21
Freaky Friday	0322330	110222438	26000000	4.239324538461538	2003-08-06
Trainwreck	3152624	110008260	35000000	3.143093142857143	2015-07-17
Scary Movie 3	0306047	110000082	48000000	2.291668375	2003-10-24
Bedtime Stories	0960731	109993847	80000000	1.3749230875	2008-12-25
Star Trek IV: The Voyage Home	0092007	109713132	25000000	4.38852528	1986-11-26
Crocodile Dundee II	0092493	109306210	14000000	7.807586428571429	1988-05-25
The 40-Year-Old Virgin	0405422	109243478	26000000	4.201672230769231	2005-08-19
Couples Retreat	1078940	109176215	60000000	1.8196035833333333	2009-10-09
Terms of Endearment	0086425	108423489	8000000	13.552936125	1983-12-09
Ace Ventura: When Nature Calls	0112281	108360000	30000000	3.612	1995-11-10
The Princess Diaries	0247638	108244774	26000000	4.163260538461539	2001-08-03
Hop	1411704	108012170	63000000	1.7144788888888889	2011-04-01
Angry Birds	1985949	107506776	73000000	1.4726955616438355	2016-05-20
A League of Their Own	0104694	107458785	40000000	2.686469625	1992-07-01
Miss Congeniality	0212346	106807667	45000000	2.3735037111111112	2000-12-22
Chicken Run	0120630	106793915	45000000	2.373198111111111	2000-06-23
Analyze This	0122933	106694016	80000000	1.3336752	1999-03-05
Every Which Way But Loose	0077523	105918400	5000000	21.18368	1978-12-20
How to Lose a Guy in 10 Days	0251127	105807520	50000000	2.1161504	2003-02-07
Porky's	0084522	105500000	25000000	4.22	1982-03-19
The First Wives Club	0116313	105444419	26000000	4.055554576923077	1996-09-20
George of the Jungle	0119190	105263257	55000000	1.9138774	1997-07-16
The Graduate	0061722	104397102	3000000	34.799034	1967-12-22
The Princess and the Frog	0780521	104374107	105000000	0.9940391142857142	2009-12-11
American Wedding	0328828	104354205	55000000	1.8973491818181818	2003-08-01
Daddy Day Care	0317303	104148781	60000000	1.7358130166666668	2003-05-09
Journey 2: The Mysterious Island	1397514	103812241	79000000	1.314079	2012-02-10
Dick Tracy	0099422	103738726	47000000	2.2072069361702127	1990-06-15
9 to 5	0080319	103290500	10000000	10.32905	1980-12-19
Just Go with It	1564367	103028109	80000000	1.2878513625	2011-02-11
Mary Poppins	0058331	102300000	6000000	17.05	1964-09-11
Bad Grandpa	3063516	101978840	15000000	6.798589333333333	2013-10-25
American Pie	0163651	101736215	11000000	9.248746818181818	1999-07-09
Maverick	0110478	101631272	75000000	1.3550836266666666	1994-05-20
Stir Crazy	0081562	101500000	0	0	1980-12-12
This Is the End	1245492	101470202	32000000	3.1709438125	2013-06-12
Charlie's Angels: Full Throttle	0305357	100685880	120000000	0.839049	2003-06-27
The Rugrats Movie	0134067	100491683	24000000	4.187153458333333	1998-11-20
Step Brothers	0838283	100468793	65000000	1.5456737384615384	2008-07-25
Due Date	1231583	100448498	65000000	1.5453615076923077	2010-11-05
The Cat in the Hat	0312528	100446895	109000000	0.9215311467889908	2003-11-21
Casper	0112642	100328194	50000000	2.00656388	1995-05-26
Bad Teacher	1284575	100292856	20000000	5.0146428	2011-06-24
Evan Almighty	0413099	100289690	175000000	0.5730839428571428	2007-06-22
Shakespeare in Love	0138097	100241322	25000000	4.00965288	1999-01-08
Yogi Bear	1302067	100169068	80000000	1.25211335	2010-12-17
Parenthood	0098067	100050000	31000000	3.22741935483871	1989-08-02
You Don't Mess with the Zohan	0960144	100018837	90000000	1.111320411111111	2008-06-06
Gnomeo & Juliet	0377981	99808609	36000000	2.772461361111111	2011-02-11
Hercules	0119282	99046791	85000000	1.1652563647058825	1997-06-27
The Green Hornet	0990407	98780042	120000000	0.8231670166666667	2011-01-14
Date Night	1279935	98711404	55000000	1.7947528	2010-04-09
Meet the Robinsons	0396555	97821064	150000000	0.6521404266666667	2007-03-30
Yes Man	1068680	97680195	70000000	1.3954313571428572	2008-12-19
Sausage Party	1700841	97661826	19000000	5.140096105263158	2016-08-12
Inspector Gadget	0141369	97360069	90000000	1.0817785444444445	1999-07-23
Dead Poets Society	0097165	95860116	16400000	5.845129024390244	1989-06-09
See full summary	0082031	95461682	7000000	13.637383142857143	1981-07-17
Michael	0117038	95345070	0	0	1996-12-25
Sex and the City 2	1261945	95328937	100000000	0.95328937	2010-05-27
Norbit	0477051	95323496	60000000	1.5887249333333333	2007-02-09
The Princess Diaries 2: Royal Engagement	0368933	95149435	40000000	2.378735875	2004-08-11
Legally Blonde	0250494	95001351	18000000	5.277852833333333	2001-07-13
Beverly Hills Chihuahua	1014775	94497271	20000000	4.72486355	2008-10-03
He's Just Not That Into You	1001508	93952276	40000000	2.3488069	2009-02-06
Maid in Manhattan	0252076	93815117	55000000	1.7057294	2002-12-13
The Mask of Zorro	0120746	93771072	65000000	1.4426318769230768	1998-07-17
America's Sweethearts	0265029	93607673	46000000	2.034949413043478	2001-07-20
Lady and the Tramp	0048280	93600000	4000000	23.4	1955-06-22
The Bucket List	0825232	93452056	45000000	2.0767123555555553	2008-01-11
Cats & Dogs	0239395	93375151	60000000	1.5562525166666668	2001-07-04
Two Weeks Notice	0313737	93307796	60000000	1.5551299333333333	2002-12-20
Flubber	0119137	92969824	80000000	1.1621228	1997-11-26
When Harry Met Sally...	0098635	92823600	16000000	5.801475	1989-07-21
Think Like a Man	1621045	91547205	12000000	7.62893375	2012-04-20
Kindergarten Cop	0099938	91457688	26000000	3.5176033846153847	1990-12-21
Back to School	0090685	91258000	11000000	8.296181818181818	1986-06-13
Stepmom	0120686	91030827	50000000	1.82061654	1998-12-25
Ride Along 2	2869728	90835030	40000000	2.27087575	2016-01-15
Scary Movie 4	0362120	90703745	45000000	2.015638777777778	2006-04-14
Antz	0120587	90646554	105000000	0.8633005142857143	1998-10-02
The Game Plan	0492956	90636983	22000000	4.119862863636364	2007-09-28
Me, Myself & Irene	0183505	90567722	51000000	1.7758376862745098	2000-06-23
High School Musical 3: Senior Year	0962726	90556401	11000000	8.23240009090909	2008-10-24
Madea Goes to Jail	1142800	90485233	0	0	2009-02-20
Space Jam	0117705	90443603	80000000	1.1305450375	1996-11-15
Trading Places	0086465	90400000	0	0	1983-06-08
RED	1245526	90356857	58000000	1.5578768448275861	2010-10-15
Get Hard	2561572	90353764	40000000	2.2588441	2015-03-27
Planes	1691917	90282580	50000000	1.8056516	2013-08-09
Legally Blonde 2: Red, White & Blonde	0333780	89808372	45000000	1.9957416	2003-07-02
Father of the Bride	0101862	89325780	0	0	1991-12-20
The Emperor's New Groove	0120917	89296573	100000000	0.89296573	2000-12-15
See full summary	1142988	88915214	38000000	2.339874052631579	2009-07-24
Failure to Launch	0427229	88658172	50000000	1.77316344	2006-03-10
The Muppets	1204342	88625922	45000000	1.9694649333333334	2011-11-23
Starsky & Hutch	0335438	88200225	60000000	1.47000375	2004-03-05
Along Came Polly	0343135	87856565	42000000	2.091822976190476	2004-01-16
Back to the Future Part III	0099088	87666629	40000000	2.191665725	1990-05-25
Pineapple Express	0910936	87341380	27000000	3.234865925925926	2008-08-06
Sisters	1850457	87028670	30000000	2.9009556666666665	2015-12-18
The Naked Gun 2Â½: The Smell of Fear	0102510	86930411	23000000	3.7795830869565217	1991-06-28
The Campaign	1790886	86897182	95000000	0.9147071789473684	2012-08-10
Young Frankenstein	0072431	86300000	2800000	30.821428571428573	1974-12-15
Dumb and Dumber To	2096672	86208010	40000000	2.15520025	2014-11-14
Mean Girls	0377092	86049418	17000000	5.061730470588235	2004-04-30
Annie	1823664	85911262	65000000	1.321711723076923	2014-12-19
Alvin and the Chipmunks: The Road Chip	2974918	85884815	90000000	0.9542757222222222	2015-12-18
Spy Kids 2: Island of Lost Dreams	0287717	85570368	38000000	2.251851789473684	2002-08-07
The SpongeBob SquarePants Movie	0345950	85416609	30000000	2.8472203	2004-11-19
Brother Bear	0328880	85329248	128000000	0.66663475	2003-10-31
Stripes	0083131	85300000	10000000	8.53	1981-06-26
Tammy	2103254	84518155	20000000	4.22590775	2014-07-02
The Santa Clause 3: The Escape Clause	0452681	84497876	12000000	7.041489666666667	2006-11-03
Open Season	0400717	84303558	85000000	0.9918065647058824	2006-09-29
Pinocchio	0032910	84300000	2600000	32.42307692307692	1940-02-23
Crazy, Stupid, Love.	1570728	84244877	50000000	1.68489754	2011-07-29
Scooby-Doo 2: Monsters Unleashed	0331632	84185387	80000000	1.0523173375	2004-03-26
Anchorman: The Legend of Ron Burgundy	0357413	84136909	26000000	3.2360349615384614	2004-07-09
The Other Woman	2203939	83906114	40000000	2.09765285	2014-04-25
Steel Magnolias	0098384	83759091	0	0	1989-11-22
The War of the Roses	0098621	83699711	0	0	1989-12-08
Airplane!	0080339	83400000	3500000	23.82857142857143	1980-07-02
Penguins of Madagascar	1911658	83348920	132000000	0.6314312121212121	2014-11-26
Saving Mr. Banks	2140373	83299761	35000000	2.3799931714285716	2013-12-20
Turbo	1860353	83024900	135000000	0.6149992592592592	2013-07-17
Monster-in-Law	0369735	82931301	60000000	1.38218835	2005-05-13
The Descendants	1033575	82624961	20000000	4.13124805	2011-12-09
Cheaper by the Dozen 2	0452598	82569532	60000000	1.3761588666666666	2005-12-21
Charlotte's Web	0413895	82506325	0	0	2006-12-15
Let's Be Cops	1924435	82389560	17000000	4.8464447058823525	2014-08-13
See full summary	0368578	82301521	32000000	2.57192253125	2005-01-21
The Pink Panther	0383216	82226474	65000000	1.265022676923077	2006-02-10
MASH	0066026	81600000	3500000	23.314285714285713	1970-03
School of Rock	0332379	81257845	35000000	2.3216527142857144	2003-10-03
Ted 2	2637276	81257500	68000000	1.1949632352941177	2015-06-26
Police Academy	0087928	81200000	4500000	18.044444444444444	1984-03-23
Snow Dogs	0281373	81150692	35000000	2.3185912	2002-01-18
While You Were Sleeping	0114924	81057016	17000000	4.768059764705883	1995-04-21
Jimmy Neutron: Boy Genius	0268397	80920948	30000000	2.697364933333333	2001-12-21
Another 48 Hrs.	0099044	80820000	38000000	2.126842105263158	1990-06-08
Moonstruck	0093565	80640528	15000000	5.3760352	1988-01-15
Zookeeper	1222817	80360866	80000000	1.004510825	2011-07-08
What Happens in Vegas	1033643	80276912	35000000	2.2936260571428573	2008-05-09
The Dukes of Hazzard	0377818	80270227	50000000	1.60540454	2005-08-05
The Wedding Singer	0120888	80224502	18000000	4.456916777777778	1998-02-13
Nacho Libre	0457510	80197993	32000000	2.50618728125	2006-06-16
Goosebumps	1051904	80021740	58000000	1.379685172413793	2015-10-16
The Golden Child	0091129	79817937	25000000	3.19271748	1986-12-12
Dark Shadows	1077368	79711678	150000000	0.5314111866666666	2012-05-11
Hannah Montana: The Movie	1114677	79566871	30000000	2.652229033333333	2009-04-10
Pixels	2120120	78747585	88000000	0.8948589204545454	2015-07-24
Teenage Mutant Ninja Turtles II: The Secret of the Ooze	0103060	78656813	25000000	3.14627252	1991-03-22
Cocktail	0094889	78222753	20000000	3.91113765	1988-07-29
The Naked Gun: From the Files of Police Squad!	0095705	78041829	12000000	6.50348575	1988-12-02
Tower Heist	0471042	78009155	75000000	1.0401220666666666	2011-11-04
Parental Guidance	1047540	77264926	25000000	3.09059704	2012-12-25
The A-Team	0429493	77213489	110000000	0.7019408090909091	2010-06-11
The Terminal	0362227	77032279	60000000	1.2838713166666667	2004-06-18
27 Dresses	0988595	76806312	30000000	2.5602104	2008-01-18
The Muppet Movie	0079588	76657000	0	0	1979-06-22
Father of the Bride Part II	0113041	76594000	30000000	2.5531333333333333	1995-12-08
Rugrats in Paris: The Movie	0213203	76501438	30000000	2.5500479333333335	2000-11-17
Knight and Day	1013743	76418654	117000000	0.6531508888888888	2010-06-23
White Men Can't Jump	0105812	76253806	0	0	1992-03-27
Paddington	1109624	76137505	55000000	1.3843182727272727	2015-01-16
48 Hrs.	0083511	75900000	12000000	6.325	1982-12-08
The Haunted Mansion	0338094	75817994	90000000	0.8424221555555556	2003-11-26
The Family Man	0218967	75764085	60000000	1.26273475	2000-12-22
We Bought a Zoo	1389137	75621915	50000000	1.5124383	2011-12-23
You, Me and Dupree	0463034	75604320	54000000	1.40008	2006-07-14
Zombieland	1156398	75590286	23600000	3.202978220338983	2009-10-02
2 Guns	1272878	75573300	61000000	1.2389065573770492	2013-08-02
Garfield	0356634	75367693	35000000	2.153362657142857	2004-06-11
The Intern	2361509	75274748	35000000	2.1507070857142856	2015-09-25
Barbershop	0303714	75074950	12000000	6.256245833333334	2002-09-13
Romancing the Stone	0088011	74900000	10000000	7.49	1984-03-30
Old School	0302886	74608545	24000000	3.108689375	2003-02-21
Six Days Seven Nights	0120828	74329966	70000000	1.0618566571428572	1998-06-12
Jack and Jill	0810913	74158157	79000000	0.9387108481012658	2011-11-11
Christmas with the Kranks	0388419	73701902	60000000	1.2283650333333334	2004-11-24
Monster House	0385880	73661010	75000000	0.9821468	2006-07-21
Oliver & Company	0095776	73450885	31000000	2.369383387096774	1988-11-18
Beetlejuice	0094721	73326666	15000000	4.8884444	1988-03-30
Boo! A Madea Halloween	5325452	73159525	20000000	3.65797625	2016-10-21
Hotel for Dogs	0785006	73023275	35000000	2.0863792857142855	2009-01-16
Dinner for Schmucks	0427152	72980108	0	0	2010-07-30
Jackass Number Two	0493430	72755517	0	0	2006-09-22
Storks	4624424	72655779	70000000	1.0379397	2016-09-23
Barnyard	0414853	72601713	51000000	1.423563	2006-08-04
Ace Ventura: Pet Detective	0109040	72217000	12000000	6.018083333333333	1994-02-04
Get Shorty	0113161	72077000	30250000	2.382710743801653	1995-10-20
Fred Claus	0486583	72000867	100000000	0.72000867	2007-11-09
Ruthless People	0091877	71624879	0	0	1986-06-27
See full summary	0098966	71609321	0	0	1990-11-21
Sideways	0375063	71502303	12000000	5.95852525	2005-01-21
Bridget Jones's Diary	0243155	71500556	25000000	2.86002224	2001-04-13
Galaxy Quest	0177789	71423726	45000000	1.587193911111111	1999-12-25
RV	0449089	71402035	65000000	1.0984928461538461	2006-04-28
I Love You, Man	1155056	71347010	40000000	1.78367525	2009-03-20
National Lampoon's Christmas Vacation	0097958	71320000	27000000	2.6414814814814815	1989-12-01
Scary Movie 2	0257106	71277420	45000000	1.5839426666666667	2001-07-04
Turner & Hooch	0098536	71079915	0	0	1989-07-28
Paul Blart: Mall Cop 2	3450650	71038190	30000000	2.3679396666666666	2015-04-17
The Smurfs 2	2017020	71017784	105000000	0.6763598476190477	2013-07-31
Bird on a Wire	0099141	70980000	20000000	3.549	1990-05-18
Groundhog Day	0107048	70906973	14600000	4.85664198630137	1993-02-12
Shallow Hal	0256380	70836296	40000000	1.7709074	2001-11-09
No Strings Attached	1411238	70625986	25000000	2.82503944	2011-01-21
The Best Man Holiday	2083355	70492685	17000000	4.146628529411765	2013-11-15
The Big Short	1596363	70235322	28000000	2.508404357142857	2015-12-23
Fool's Gold	0770752	70224196	70000000	1.0032028	2008-02-08
Grumpy Old Men	0107050	70172621	0	0	1993-12-25
Big Momma's House 2	0421729	70163652	40000000	1.7540913	2006-01-27
Ferris Bueller's Day Off	0091042	70136369	6000000	11.689394833333333	1986-06-11
Boomerang	0103859	70100000	40000000	1.7525	1992-07-01
Grumpier Old Men	0113228	69870000	25000000	2.7948	1995-12-22
Splash	0088161	69800000	8000000	8.725	1984-03-09
Private Benjamin	0081375	69800000	10000000	6.98	1980-10-10
The Best Little Whorehouse in Texas	0083642	69700000	35000000	1.9914285714285713	1982-07-23
Nine Months	0113986	69700000	0	0	1995-07-12
The Kid	0219854	69688384	65000000	1.0721289846153845	2000-07-07
Top Gun	0092099	69467617	15000000	4.631174466666667	1986-05-16
White Chicks	0381707	69148997	37000000	1.8688918108108108	2004-06-23
Cool Runnings	0106611	68856263	15000000	4.5904175333333335	1993-10-01
Sahara	0318649	68642452	130000000	0.5280188615384616	2005-04-08
Road Trip	0215129	68525609	16000000	4.2828505625	2000-05-19
Bring It On	0204946	68353550	11000000	6.213959090909091	2000-08-25
Mr. Popper's Penguins	1396218	68218041	55000000	1.2403280181818181	2011-06-17
Blue Streak	0181316	68208190	65000000	1.0493567692307693	1999-09-17
Guess Who	0372237	67962333	35000000	1.9417809428571429	2005-03-25
This Is 40	1758830	67523385	35000000	1.9292395714285715	2012-12-21
Holes	0311289	67325559	20000000	3.36627795	2003-04-18
Role Models	0430922	67266300	28000000	2.402367857142857	2008-11-07
The Bounty Hunter	1038919	67061228	40000000	1.6765307	2010-03-19
The Secret of My Succe$s	0093936	66995879	12000000	5.5829899166666666	1987-04-10
Alexander and the Terrible, Horrible, No Good, Very Bad Day	1698641	66950483	28000000	2.3910886785714287	2014-10-10
102 Dalmatians	0211181	66941559	85000000	0.7875477529411765	2000-11-22
The Mexican	0236493	66808615	57000000	1.1720809649122808	2001-03-02
Uncle Buck	0098554	66758538	15000000	4.4505692	1989-08-16
Kangaroo Jack	0257568	66734992	60000000	1.1122498666666667	2003-01-17
Charlie Wilson's War	0472062	66636385	75000000	0.8884851333333333	2007-12-21
Babe	0112431	66600000	30000000	2.22	1995-08-04
Bowfinger	0131325	66365290	55000000	1.2066416363636363	1999-08-13
Warm Bodies	1588173	66359959	35000000	1.8959988285714287	2013-02-01
The Parent Trap	0120783	66304095	0	0	1998-07-29
Waiting to Exhale	0114885	66217473	16000000	4.1385920625	1995-12-22
Smokey and the Bandit II	0081529	66100000	0	0	1980-08-15
Magic Mike XXL	2268016	66009973	14800000	4.460133310810811	2015-07-01
Herbie Fully Loaded	0400497	66002004	50000000	1.32004008	2005-06-22
Bad Boys	0112442	65807024	19000000	3.4635275789473683	1995-04-07
Ever After: A Cinderella Story	0120631	65703412	26000000	2.5270543076923078	1998-07-31
Stakeout	0094025	65673233	0	0	1987-08-05
Madea's Witness Protection	2215285	65623128	20000000	3.2811564	2012-06-29
See full summary	0089370	65600000	25000000	2.624	1985-12-11
Deuce Bigalow: Male Gigolo	0205000	65535067	17000000	3.8550039411764705	1999-12-10
Think Like a Man Too	2239832	65182182	24000000	2.71592425	2014-06-20
Now You See Me 2	3110958	65030563	90000000	0.7225618111111111	2016-06-10
About Schmidt	0257360	65010106	30000000	2.1670035333333333	2003-01-03
The American President	0112346	65000000	62000000	1.0483870967741935	1995-11-17
Pitch Perfect	1981677	64998368	17000000	3.823433411764706	2012-10-05
Barbershop 2: Back in Business	0337579	64955956	18000000	3.608664222222222	2004-02-06
