100 Bloody Acres	2290065	0	0	2013-08-01
100 Feet	0899128	0	10000000	2008-07-24
100 Tears	0943946	0	75000	2007-06-23
12/12/12	2313780	0	0	2012-12-04
13/13/13	2991516	0	0	2013-10-01
13 Sins	2059171	9134	4000000	2014-04-11
1408	0450385	71985628	25000000	2007-06-22
22	0312306	0	11000	2001-07-22
28 Days Later	0289043	45064915	8000000	2003-06-27
28 Weeks Later	0463854	64238440	15000000	2007-05-11
31	3835080	779820	1500000	2016-09-16
30 Days of Night	0389722	80276156	32000000	2007-10-19
5ive Girls	0494199	0	3000000	2006-10-10
6 Souls	1179069	0	22000000	2013-03-01
976-EVIL	0094597	0	0	1989-03-24
976-EVIL 2: The Astral Factor	0101256	0	0	1992-08
The ABCs of Death	1935896	0	0	2013-04-26
ABCs of Death 2	2926810	0	0	2014-10-02
Abominable	0402743	0	0	2006-04-10
The Abominable Dr. Phibes	0066740	0	0	1971-05-18
Dr. Phibes Rises Again	0068503	0	0	1972-07
The Abominable Snowman	0050095	0	0	1957-10
Absentia	1610996	0	70000	2013-04-11
After Death	1822203	0	0	2014-01-21
Aftermath	4581576	0	10500000	2017-04-07
Aftershock	1780762	40179	2000000	2014-06-12
Alien	0078748	83944003	11000000	1979-06-22
Alien (1979)	0078748	83944003	11000000	1979-06-22
Aliens	0090605	85160248	18500000	1986-07-18
Alien³	0103644	55473600	50000000	1992-05-22
Alien: Resurrection	0118583	161382889	75000000	1997-11-26
Alien Abduction (2014)	2510434	0	0	2014-05-01
Alien Abduction: Incident in Lake County	0142074	0	0	1998-01-20
Alien vs. Predator	0370263	172544654	60000000	2004-08-13
Aliens vs. Predator: Requiem	0758730	128884494	40000000	2007-12-25
Alice, Sweet Alice	0076150	0	340000	1976-11-13
All Cheerleaders Die	2527186	0	0	2014-05-08
All Hallows' Eve	2900624	0	0	2013-10-29
All Superheroes Must Die	1836212	0	20000	2013-01-04
All the Boys Love Mandy Lane	0490076	0	750000	2013-09-06
Alligator	0080354	0	1500000	1980-07-02
The Alligator People	0052549	0	0	1959-07-16
Alone in the Dark (1982)	0083542	0	0	1982-11-12
Alone in the Dark (2005)	0369226	5178569	20000000	2005-01-28
The Alphabet Killer	0818165	106596	2000000	2009-12-10
Altered States	0080360	0	0	1980-12-25
Altitude	4556370	0	0	2017-04-14
The Amazing Colossal Man	0050118	0	0	1958-03-10
Amber Alert	6698648	0	0	2017-05-21
An American Crime	0802948	0	2000000	2007-12-07
An American Haunting	0429573	16298046	14000000	2006-05-05
American Mary	1959332	0	0	2013-01-11
American Psycho	0144084	15070285	7000000	2000-04-14
American Psycho 2: All American Girl	0283877	0	10000000	2002-06-10
An American Werewolf in London	0082010	60565292	10000000	1981-08-21
An American Werewolf in Paris	0118604	26570463	22000000	1997-12-25
The Amityville Horror (1979)	0078767	86432520	4700000	1979-07-27
Amityville II: The Possession	0083550	12534817	5000000	1982-09-24
Amityville 3-D	0085159	6333135	6000000	1983-11-18
Amityville: The Evil Escapes	0096808	0	0	1989-05-12
The Amityville Curse	0099030	0	0	1990-05-07
Amityville: It's About Time	0103678	0	0	1992-07-16
Amityville: A New Generation	0106262	0	1500000	1993-09-29
Amityville Dollhouse	0115535	0	0	1997-02-18
The Amityville Horror (2005)	0384806	65233369	19000000	2005-04-15
Amsterdamned	0094651	0	0	1988-11-25
Amusement	0476958	0	6000000	2008-10-09
Anaconda	0118615	65885767	45000000	1997-04-11
Anacondas: The Hunt for the Blood Orchid	0366174	32238923	25000000	2004-08-27
And Soon The Darkness	1391034	0	0	2011-02-11
Angel Heart	0092563	17185632	17000000	1987-03-06
Absurd	0084028	0	0	1981-10
Antichrist	0870984	397070	11000000	2009-05-20
Apollo 18	1772240	17686929	5000000	2011-09-02
The Apparition	1433822	4930798	17000000	2012-08-24
April Fools' Day	0047358	0	0	1954-07-28
Arachnia	0370295	0	0	2003-08-05
Arachnophobia	0099052	53208180	31000000	1990-07-18
Arcade	0106302	0	0	1994-03-30
As Above, So Below	2870612	21026735	5000000	2014-08-29
Asylum: Blackout	1027820	0	500000	2012-05-04
Attack of the Crab Monsters	0050147	0	70000	1957-02-10
Attack of the Eye Creatures	0059161	0	16000	1999-11-12
Attack of the Giant Leeches	0053611	0	70000	1959-10
Audition	0235198	0	0	2000-03-03
Autopsy	0443435	0	2000000	2009-06-25
The Autopsy Of Jane Doe	3289956	0	0	2016-12-21
Ava's Possessions	3727982	0	0	2016-03-04
The Awakening	1687901	0	0	2011-11-11
Ax 'Em	0349113	0	650	1992-01-29
Axe!	0075710	0	25000	1974-12
Axeman	2357866	0	0	2013-02-14
The Babadook	2321549	924279	2000000	2014-11-28
The Baby	0069754	0	0	1973-03
Bad Moon	0115610	1055525	7000000	1996-11-01
Bad Taste	0092610	0	0	1989-06
Bait 3D	1438173	0	20000000	2012-09-20
Banshee Chapter	2011276	0	950000	2013-12-12
The Barrens	2050633	0	0	2012-11-30
Basket Case	0083624	0	35000	1982-04-02
Baskin	4935418	0	0	2016-01-01
The Bay	1713476	0	0	2012-11-21
The Beast from 20,000 Fathoms	0045546	5000000	210000	1953-06-13
The Beast Must Die	0071200	0	0	1974-04
Beast of the Yellow Night	0066816	0	0	1971
The Beast of Yucca Flats	0054673	0	34000	1961-05-02
Beginning of the End	0050177	0	0	1957-06-28
Behind the Mask: The Rise of Leslie Vernon	0437857	0	0	2006-10-13
The Bell Witch Haunting	2991532	0	0	2013-11-05
Bereavement	1100051	0	3600000	2010-07-16
The Bermuda Depths	0077223	0	0	1978-01-27
The Beyond	0082307	126387	400000	1983-03-11
Big Ass Spider	1830713	0	0	2014-10-10
Big Bad Wolf	0488962	0	0	2006-10-25
Big Bad Wolves	2309224	0	0	2013-08-15
The Bird with the Crystal Plumage	0065143	0	500000	1970-06-12
Birdemic	1316037	0	10000	2010-02-27
The Birds	0056869	11403529	2500000	1963-03-29
The Black Cat	0024894	236000	95745	1934-05-07
Black Christmas (1974)	0071222	4053000	620000	1974-12-20
Black Christmas (2006)	0454082	16235293	9000000	2006-12-25
Black Forest	1776088	0	0	2012-02-25
Blade	0120611	131183530	45000000	1998-08-21
Blade	0120611	131183530	45000000	1998-08-21
Blade II	0187738	155010032	54000000	2002-03-22
Blade: Trinity	0359013	128905366	65000000	2004-12-08
Black Sabbath	0057603	0	0	1964-05-06
The Black Scorpion	0050197	0	0	1957-10-11
Black Sunday	0054067	0	0	1961-02-15
Black Water	5622412	0	0	0
Blacula	0068284	0	500000	1972-08-25
The Blair Witch Project	0185937	140539099	60000	1999-07-30
Book of Shadows: Blair Witch 2	0229260	26437094	15000000	2000-10-27
Blair Witch	1540011	20747013	5000000	2016-09-16
Bless the Child	0163983	29374178	65000000	2000-08-11
The Blob (1958)	0051418	4000000	240000	1958-09-12
Beware! The Blob	0068271	0	150000	1972-06-21
The Blob (1988)	0094761	8247943	19000000	1988-08-05
Blood and Black Lace	0058567	0	0	1965-04-07
Blood & Donuts	0112527	0	350000	1989-09-23
Blood Cult	0136735	0	27000	1985-05
Blood Feast	4847546	0	1200000	2017-06-23
Blood for Dracula	0071233	0	0	1974-11-27
Blood Lake: Attack of the Killer Lampreys	3723790	0	0	2014-05-25
Blood Night: The Legend of Mary Hatchet	1161404	0	3000000	2009-10-10
Blood Punch	2825230	0	0	2014-02-21
Blood Rage	0085253	0	0	1987-06
Blood Rites	2004175	0	0	2012-04-05
Blood: The Last Vampire	0806027	256681	30000000	2009-06-04
Bloodlust	0074920	0	0	1977-03-18
Bloodsuckers from Outer Space	0086980	0	0	2003-05-31
Bloodsucking Freaks	0077247	0	0	1976-11-03
Bloodsucking Pharaohs in Pittsburgh	0101483	0	250000	1991-05-02
Bloodwine	1212018	0	0	2008-08
Bloody Birthday	0082084	0	0	1981-04-28
Bloody Homecoming	2040295	0	0	2014-11-05
Bloody Moon	0083156	0	0	1981-04-17
Blue Sunshine	0074226	0	550000	1978-05-12
Body Bags	0106449	0	0	1993-08-08
Body Melt	0106450	0	0	1994-10-28
The Body Snatcher	0037549	0	0	1945
Bones (2001)	0166110	7307756	16000000	2001-10-24
Bonnie and Clyde vs. Dracula	1117379	0	0	2011-03-13
The Boogey Man	0080464	4500000	300000	1980-11-07
Borderland	0452592	0	0	2009-04-09
The Boy	3882082	35794166	8000000	2016-01-22
The Brain from Planet Arous	0050210	0	58000	1957-10-01
The Brain That Wouldn't Die	0052646	0	62000	1962-08-10
Braindead	4877736	0	0	2016-06-22
Brainscan	0109327	0	0	1994-04-22
Bram Stoker's Dracula	0103874	82522790	40000000	1992-11-13
Breathing Room	1220706	0	25000	2008-09-30
Bride of the Monster	0047898	0	70000	1956-02
The Broken	0906734	0	0	2008-11-26
The Brood	0078908	0	1400000	1979-05-25
Brotherhood of the Wolf	0237534	11260096	29000000	2002-02-01
Bruiser	0212830	0	5000000	2000-02-13
The Brute Man	0038387	0	0	1946-10-01
Bubba Ho Tep	0281686	6300000	1000000	2003-10-10
A Bucket of Blood	0052655	0	50000	1959-10-21
Bug!	0913365	0	0	1995-05-15
Burial Ground: The Nights of Terror	0081248	0	0	1985-12-10
The Burning	0082118	0	1500000	1981-05-08
The Burning Moon	0103898	0	0	1992
Burnt Offerings	0074258	0	0	1976-10-18
The Burrowers	0445939	0	7000000	2008-09-21
The Bye Bye Man	4030600	23239232	7400000	2017-01-13
Cabin by the Lake	0199389	0	0	2000-02-01
Cabin Fever	0303816	21158188	1500000	2003-09-12
The Cabin in the Woods	1259521	42073277	30000000	2012-04-13
The Cabinet of Dr. Caligari	0010323	0	18000	1921-03-19
Campfire Tales (1991)	0101538	0	0	1991
Campfire Tales (1997)	0115813	0	0	1998-09-22
Candyman	0103919	25792310	6000000	1992-10-16
Cannibal Ferox	0082700	0	0	1983-11-10
Cannibal Holocaust	0078935	0	100000	1985-06-19
Cannibal! The Musical	0115819	0	125000	1996-08-30
Captivity	0374563	2626800	17000000	2007-07-13
The Car	0075809	0	0	1977-05-13
Carnival of Souls	0055830	0	30000	1962-11-02
Carnosaur	0106521	1753979	1000000	1993-05-21
Carrie	0074285	33800000	1800000	1976-11-16
Carrie (1976)	0074285	33800000	1800000	1976-11-16
The Rage: Carrie 2	0144814	20162705	21000000	1999-03-12
Carrie (2002)	0319970	0	0	2002-11-04
Carrie (2013)	1939659	35266619	30000000	2013-10-18
Carriers	0806203	0	0	2009-09-02
Carver	1001333	0	0	2008-03-04
Case 39	0795351	13248477	26000000	2010-10-01
The Cat and the Canary	0031143	0	0	1939-11-10
The Cat o' Nine Tails	0065761	0	1000000	1971-05-21
Cat People	0083722	7000000	18000000	1982-04-02
Cat's Eye	0088889	13086000	7000000	1985-04-12
The Cave	0402901	15007991	30000000	2005-08-26
The Cavern	0059022	0	0	1964-12-31
The Cell	0209958	61334059	33000000	2000-08-18
Cemetery Man	0109592	253969	4000000	1996-04-26
Chain Letter	1148200	143000	5000000	2010-11-11
The Changeling	0080516	0	600000	1980-03-28
Chemical Wedding	0974536	0	0	2009-03
Cheerleader Camp	0092744	0	0	1988-06-01
Chernobyl Diaries	1991245	38390020	1000000	2012-05-25
Cherry Falls	0175526	0	14000000	2000-08-25
The Children	1172571	0	0	2008-12-05
Child's Play	0094862	33244684	9000000	1988-11-09
Child's Play 2	0099253	28501605	13000000	1990-11-09
Child's Play 3	0103956	14960255	13000000	1991-08-30
Bride of Chucky	0144120	32383850	25000000	1998-10-16
Seed of Chucky	0387575	17083732	12000000	2004-11-12
Curse of Chucky	2230358	0	5000000	2013-09-24
Children of the Corn	0087050	14568989	800000	1984-03-09
Children of the Corn (1984)	0087050	14568989	800000	1984-03-09
Children of the Corn II: The Final Sacrifice	0106557	6980986	900000	1993-01-29
Children of the Corn III: Urban Harvest	0109415	0	0	1995-09-12
Children of the Corn IV: The Gathering	0115885	0	0	1996-10-08
Children of the Corn V: Fields of Terror	0150111	0	1650000	1998-06-21
Children of the Corn 666: Isaac's Return	0177625	0	0	1999-10-19
Children of the Corn: Revelation	0279730	0	2500000	2001-10-09
Children of the Corn (2009)	1290135	0	2000000	2009-09-26
Children of the Corn: Genesis	1745672	0	0	2012-03-17
Children of the Night	2945892	0	50000	2014-02-02
Chinese Ghost Story	0093978	0	5600000	1987-07-18
Chopping Mall	0090837	0	800000	1986-03-21
Christine	4666726	0	0	2016-10-14
Christmas Evil	0081793	0	750000	1980-11
C.H.U.D.	0087015	4654423	1250000	1984-08-31
The Church	0094860	0	3500000	1989-03-10
City of the Dead	0053719	0	0	1962-09-12
City of the Living Dead	0081318	0	0	1983-05-06
Class of Nuke 'Em High	0090849	0	2000000	1986-12-12
Clawed: The Legend of Sasquatch	0364616	0	700000	2005-04-14
Clonus	0078062	0	257000	1979-08
Cloverfield	1060277	80048433	25000000	2008-01-18
Clown	1780798	55007	1500000	2016-06-17
Club Dread	0331953	4992159	8600000	2004-02-27
Cold Fish	1632547	0	0	2011-07-06
Cold Prey	0808276	0	0	2006-10-13
Colin	1278322	0	70	2011-03-05
The Collector	0844479	7706394	6000000	2009-07-31
The Company of Wolves	0087075	4389334	2000000	1985-04-19
Come Out and Play	2341664	0	0	2013-03-22
Confessions	1590089	0	0	2010-06-05
The Conjuring	1457767	137400141	20000000	2013-07-19
The Conspiracy	2330322	0	1200000	2013-08-08
Contamination	0082000	0	0	1982-06-11
Cornered!	1151911	0	3250000	2009-11-22
Countess Dracula	0065580	0	0	1972-10-11
The Covenant	0475944	23292105	20000000	2006-09-08
The Craft	0115963	24881000	15000000	1996-05-03
The Crawling Eye	0052320	0	0	1958-12-31
The Crawling Hand	0056961	0	100000	1966-02-24
Crawlspace	0090881	0	0	1986-05-21
The Crazies	0455407	56445534	20000000	2010-02-26
Creature from the Black Lagoon	0046876	0	0	1954-03-05
Revenge of the Creature	0048554	0	0	1955-07-22
The Creature Walks Among Us	0049103	0	0	1956-04-26
Creep (2004)	0381966	0	0	2005-01-28
Creep (2014)	2428170	0	0	2015-06-23
The Creeping Terror	0057970	0	0	1964
Creepshow	0083767	19733000	8000000	1982-11-12
Creepshow 2	0092796	14000000	3500000	1987-05-01
Criminally Insane	0072831	0	30000	1975
Crimson Peak	2554274	31056945	55000000	2015-10-16
Critters	0090887	13167232	2000000	1986-04-11
Crocodile (1979)	0377707	0	0	1981-11-18
Crocodile 2: Death Swamp	0257510	0	2200000	2002-08-13
Cronos	0104029	621392	2000000	1994-05
Cruising	0080569	19798718	11000000	1980-02-15
Cry Baby Lane	0221097	0	0	2000-10-28
Cry_Wolf	0384286	10047674	1000000	2005-09-16
Cthulhu	0478126	15213	750000	2007-06-14
Cube	0123755	501818	365000	1998-07-11
Cube 2: Hypercube	0285492	0	0	2003-04-15
Cube Zero	0377713	0	1200000	2005-02-22
Cujo	0085382	21200000	5000000	1983-08-12
Cure	0123948	0	0	2001-07-08
A Cure For Wellness	4731136	8106986	40000000	2017-02-17
The Curse	0092809	0	0	1987-09-11
The Curse of Frankenstein	0050280	0	0	1957-06-25
Frankenstein and the Monster from Hell	0071519	0	0	1974-06-12
The Curse of the Werewolf	0054777	0	0	1961-06-07
Curse of the Zodiac	1033472	0	2000000	2007-05-15
Cursed	0257516	19297522	38000000	2005-02-25
The Cyclops	0050281	0	0	1957-07-28
Dagon	0264508	0	0	2001-10-31
The Dark	0411267	0	0	2006-01-26
Dark Floors	0985025	0	0	2008-02-08
Dark Harvest	2939114	0	0	2016-09-02
Dark Night of the Scarecrow	0082235	0	0	1981-10-24
The Dark Side of the Moon	0099364	0	0	1990-05-30
Dark Universe	0106666	0	0	1993-12-29
Dark Water	0382628	25473352	30000000	2005-07-08
Darkness Falls	0282209	32551396	11000000	2003-01-24
Day of the Animals	0075913	0	1200000	1977-05-13
The Dead Lands	3399916	0	0	2014-10-30
Dead & Buried	0082242	216166	3000000	1981-05-29
Dead Air	0993841	0	0	2009
Dead End	0308152	0	900000	2003-09-26
Dead Friend	0410537	0	1800000	2004-06-18
The Dead Matter	1055363	0	2000000	2013-07-03
The Dead Next Door	0094962	0	75000	1989-11
Dead of Night	0037635	0	0	1945-10-15
The Dead Pit	0122037	0	350000	1990-01-29
Dead Season	1650042	0	0	2012-07-05
Dead Silence	0455760	16809076	20000000	2007-03-16
Dead Snow	1278340	41709	800000	2009-01-09
Dead Snow: Red vs. Dead	2832470	0	0	2014-10-07
Deadgirl	0896534	0	0	2013-04-20
The Deadly Bees	0061557	0	0	1967-04
Deadly Blessing	0082245	8279042	2500000	1981-08-14
Deadly Eyes	0083801	0	1500000	1983-04-01
Deadly Friend	0090917	0	0	1986-10-10
The Deadly Mantis	0050294	0	0	1957-05
The Deadly Spawn	0087998	320000	25000	1983-04-22
Deafula	0123790	0	0	1975-03
Death Academy	0467486	0	0	2006-05-17
Death Bed: The Bed That Eats	0385639	0	30000	2010-02-11
Death Bell	1438522	0	0	2008-08-06
Deathgasm	3705412	0	0	2015-10-02
Death House	2984576	0	0	2017
Death Machine	0109575	0	0	1995-05-26
Death on Demand	0902274	0	250000	2008-07-08
Death Screams	0085415	0	0	1982-05-14
Death Warmed Up	0089002	0	0	1985-04-25
The Deaths of Ian Stone	0810823	0	0	2008-01-04
Deathwatch	0286306	0	0	2002-12-06
Decoys	0357585	0	5000000	2004-02-27
Deep Blue Sea	0149261	73648142	60000000	1999-07-28
Deep Red	0073582	0	0	1976-06-11
Deliver Us from Evil	2377322	87937815	30000000	2014-07-02
Dementia 13	0056983	0	40000	1964-07-17
Demon Hunter	2375585	0	0	2017
Bordello of Blood	0117826	5587855	13000000	1996-08-16
Demons Never Die	1777612	0	0	2011-10-28
The Den	2503154	0	500000	2014-03-14
The Dentist	0116075	0	2500000	1996-10-18
Desperation	0129871	0	12000000	2006-05-23
The Descent	0435625	0	0	2006-08-04
The Descent Part 2	1073105	0	0	2009-12-02
Detention	1701990	0	10000000	2012-04-13
Devil	1314655	33583175	10000000	2010-09-17
Devil Doll	0058007	0	0	1964-09
The Devil-Doll	0027521	0	0	1936-07-10
Devil Fish	0088100	0	0	1986-11-14
The Devil Inside	1560985	101758490	1000000	2012-01-06
The Devil's Backbone	0256009	754749	4500000	2001-04-20
The Devil's Carnival	2204379	0	500000	2012-03-30
Devil's Pass	1905040	0	0	2013-02-28
Devil's Prey	0245866	0	0	2001-09-18
The Devils	0066993	0	0	1971-07-16
Devour	0406706	0	0	2005-05-31
The Disappointments Room	2364897	2411580	15000000	2016-09-09
Disciples of the Crow	0352297	0	0	2010-10-02
Disturbia	0486822	80209692	20000000	2007-04-13
Dog Soldiers	0280609	0	2000000	2002-05-10
Dolls	0092906	0	0	1987-05-29
Don't be Afraid of the Dark	1270761	24042490	25000000	2011-08-26
Don't Go in the House	0080646	0	250000	1980-03-28
Don't Go in the Woods	0182996	0	0	1981-09-04
Don't Look Now	0069995	0	1500000	1974-01
Don't Open Till Christmas	0089038	0	0	1984-12-21
Don't Torture a Duckling	0069019	0	0	1972-09-29
Donnie Darko	0246578	727883	4500000	2001-10-26
Doom	0419706	28031250	60000000	2005-10-21
The Dorm That Dripped Blood	0082279	0	90000	1982-04-02
Dr. Giggles	0104139	0	0	1992-10-23
Dracula (1931)	0021814	0	355000	1931-02-14
Dracula's Daughter	0027545	0	0	1936-05-11
Son of Dracula	0036376	0	0	1943-11-05
Dracula (1979)	0079073	20158970	12164000	1979-07-20
Dracula 2000	0219653	33022767	54000000	2000-12-22
Drag Me to Hell	1127180	91388487	30000000	2009-05-29
Dread	1331307	0	0	2009-10-30
Dream Home	1407972	0	0	2010-05-13
Dream House	1462041	21283440	55000000	2011-09-30
The Driller Killer	0079082	0	20000	1979-06-15
Drive-In Massacre	0074434	0	30000	1977-01-07
Drive Thru	0466766	0	0	2009-05-29
Dr. Jekyll and Mr. Hyde (1931)	0022835	1279000	535000	1932-01-03
The Drowning Ghost	0375100	0	0	2004-10-15
Dying Breed	1064744	0	0	2008-11-06
Earth vs. the Spider	0282178	0	0	2001-10-07
Easter Bunny, Kill! Kill!	0780506	0	90000	2006-08-04
Eaten Alive	0074455	0	520000	1977-05-13
Eden Lake	1020530	0	0	2008-09-12
Eight Legged Freaks	0271367	17322606	30000000	2002-07-17
Elevated	0168730	0	0	1996-09-19
Elfie Hopkins: Cannibal Hunter	1470022	0	0	2012-04-20
The Entity	4689996	0	3000000	2015-01-22
Equinox	0067055	0	65000	1970-10
Eraserhead	0074486	7000000	20000	1978-02-03
Escape from Tomorrow	2187884	0	0	2014-07-19
Event Horizon	0119081	26673242	60000000	1997-08-15
Evidence	1828970	0	0	2013-07-19
The Evil	0077524	0	700000	1978-05-05
Evil Dead	1288558	54239856	17000000	2013-04-05
The Evil Dead (1981)	0083907	2400000	350000	1983-04-15
Evil Dead 2	0092991	10900000	3600000	1987-03-13
Army of Darkness	0106308	21502976	11000000	1993-02-19
Evil Dead (2013)	1288558	54239856	17000000	2013-04-05
Evil Dead Trap	0167147	0	0	1988-05-14
Evil Ed	0116247	0	0	1997-05-02
Evil Laugh	0095120	0	0	1986
Evilspeak	0082346	740000	900000	1982-02-26
Excision	1984153	0	0	2012-11-02
The Exorcism of Emily Rose	0404032	144216468	20000000	2005-09-09
The Exorcist	0070047	232906145	12000000	1973-12-26
Exorcist II: The Heretic	0076009	30749142	14000000	1977-06-17
The Exorcist III	0099528	0	0	1990-08-17
Extraterrestrial	2960930	0	0	2014-10-17
The Eye	0406759	31418697	12000000	2008-02-01
Eye of the Devil	0061634	0	0	1966-07
Eyes of a Stranger	0082352	1118634	800000	1981-03-27
Eyes Without a Face	0053459	0	0	1962-10-24
The Facts in the Case of Mister Hollow	1269377	0	15000	2008-07-17
The Faculty	0133751	40064955	15000000	1998-12-25
Fangs of the Living Dead	0062957	0	0	1973-05-18
Faust: Love of the Damned	0223268	0	0	2001-02-02
Fear Dot Com	0295254	13208023	42000000	2002-08-30
Fear No Evil	0082367	0	840000	1981-01
The Fearless Vampire Killers	0061655	0	2000000	1967-11-17
Feast	0426459	54556	3200000	2007-01-18
Feeders	0183072	0	500	1996-05-27
Fender Bender	5131906	0	0	2016-05-23
Fiend Without a Face	0050393	0	0	1958-12
The Final	1390535	0	1000000	2012-12-13
Final Destination	0195714	112880294	23000000	2000-03-17
Final Destination	0195714	112880294	23000000	2000-03-17
Final Destination 2	0309593	90426405	26000000	2003-01-31
Final Destination 3	0414982	117719158	25000000	2006-02-10
Final Destination 4	1144884	66477700	40000000	2009-08-28
Final Destination 5	1622979	42587643	40000000	2011-08-12
Final Exam	0082378	3000000	374000	1981-06-05
The Final Terror	0082379	0	0	1983-05-01
The First Power	0099578	22424195	10000000	1990-04-06
Five Nights at Freddy's	4589218	0	0	0
Flesh for Frankenstein	0071508	0	450000	1974-03-17
Flowers in the Attic	3074694	0	0	2014-01-18
The Fly	0091064	40456565	15000000	1986-08-15
The Fly (1958)	0051622	3000000	700000	1958-07-16
Return of the Fly	0053219	0	225000	1959-07
Curse of the Fly	0059076	0	0	1965-05
The Fly II	0097368	0	0	1989-02-10
The Fog	0432291	29511112	18000000	2005-10-14
The Food of the Gods	0074540	0	0	1976-06-18
Gnaw: Food of the Gods II	0097371	0	3500000	1989-05-19
Forbidden World	0083959	0	1000000	1982-05-07
Forget Me Not	1147684	0	1300000	2011-08-03
The Forest (1982)	0122070	0	0	1982-06-11
The Forest (2016)	3387542	26583369	10000000	2016-01-08
Forever Evil	0093041	0	0	1999-10-07
The Forsaken	0245120	7288451	15000000	2001-04-27
found.	2149360	0	8000	2017-01-10
Found Footage 3D	3449006	0	0	2016-08-20
Four Flies on Grey Velvet	0066735	0	0	1972-08-25
The Fourth Kind	1220198	25464480	10000000	2009-11-06
Frankenfish	0384833	0	3000000	2004-10-09
Frankenhooker	0099611	205068	2500000	1990-06-01
Frankenstein (1910)	0001223	0	0	1910-03-18
Frankenstein (1931)	0021884	12000000	291000	1931-11-21
Bride of Frankenstein	0026138	0	397024	1935-05-06
Son of Frankenstein	0031951	0	0	1939-01-13
The Ghost of Frankenstein	0034786	0	0	1942-03-13
Frankenstein Meets the Wolf Man	0035899	0	0	1943-03-05
Frankenstein's Army	1925435	0	0	2013-11-02
Freaks	0022913	0	310607	1932-02-20
Freddy vs. Jason	0329101	114908830	30000000	2003-08-15
Friday the 13th	0080761	39754601	550000	1980-05-09
Friday the 13th (1980)	0080761	39754601	550000	1980-05-09
Friday the 13th Part 2	0082418	21722776	1250000	1981-05-01
Friday the 13th Part III	0083972	36690067	2300000	1982-08-13
Friday the 13th: The Final Chapter	0087298	32980000	2600000	1984-04-13
Friday the 13th Part V: A New Beginning	0089173	21930418	2200000	1985-03-22
Friday the 13th Part VI: Jason Lives	0091080	19472057	3000000	1986-08-01
Friday the 13th Part VII: The New Blood	0095179	19170001	2800000	1988-05-13
Friday the 13th Part VIII: Jason Takes Manhattan	0097388	14343976	5000000	1989-07-28
Jason Goes to Hell: The Final Friday	0107254	15935068	3000000	1993-08-13
Jason X	0211443	13121555	11000000	2002-04-26
Friday the 13th (2009)	0758746	65002019	19000000	2009-02-13
Fright Night (1985)	0089175	24922237	9000000	1985-08-02
Fright Night (2011)	1438176	18298649	30000000	2011-08-19
The Frighteners	0116365	16759216	30000000	1996-07-19
Frogs	0068615	0	0	1972-03-10
From Beyond	0091083	1261000	4500000	1986-10-24
From Dusk Till Dawn	0116367	25753840	19000000	1996-01-19
From Dusk Till Dawn 2: Texas Blood Money	0120860	0	5000000	1999-03-16
From Dusk Till Dawn 3: The Hangman's Daughter	0120695	0	5000000	2000-01-18
Frontier(s)	0814685	0	3000000	2008-01-23
Frostbite	1893241	0	0	2012-02-17
Frostbiter: Wrath of the Wendigo	0116371	0	25000	1995-01-29
Funeral Home	0083976	0	1400000	1982-08-12
The Funhouse	0082427	0	0	1981-03-13
Funny Games	0808279	1294640	15000000	2008-04-04
Funny Man	0109858	0	0	1994-10-07
Galaxy of Terror	0082431	0	700000	1981-10
The Gallows	2309260	22757819	100000	2015-07-10
Game Of Assassins	1067773	0	0	2013
The Gate	0093075	13539458	2500000	1987-05-15
Gemini	5795086	0	0	2017-03-12
Get Out	5052448	250084140	5000000	2017-02-24
The Ghost (1963)	0057522	0	0	1963-03-30
The Ghost and the Darkness	0116409	38619405	55000000	1996-10-11
The Ghost Dance	0080787	0	0	1982-05-21
Ghost in the Machine	4866214	0	0	2017-03-26
Ghost Shark	2600742	0	0	2013-08-22
Ghost Ship	0288477	30113491	35000000	2002-10-25
Ghost Storm	1939686	0	0	2012-11-10
Ghost Voyage	1144579	0	0	2008-01-26
Ghosts of Mars	0228333	8434601	28000000	2001-08-24
Ghostwatch	0200659	0	0	1992-10-31
Ghoulies	0089200	35000000	1000000	1985-01-18
Ghoulies II	0093091	0	0	1988-10-05
Ghoulies III: Ghoulies Go to College!	0097429	0	0	1991-09-18
The Giant Gila Monster	0052846	0	138000	1962-11-27
The Giant Spider Invasion	0073043	0	300000	1975-10
The Gingerdead Man	0364376	0	0	2005-11-08
Ginger Snaps	0210070	2554	5000000	2001-05-11
Ginger Snaps 2: Unleashed	0353489	0	3500000	2004-01-30
Ginger Snaps Back: The Beginning	0365265	0	3500000	2004-08-27
The Girl Next Door (2007)	0830558	0	0	2008-10-17
Girl House	2577172	0	3150000	2015-02-14
A Girl Walks Home Alone At Night	2326554	0	0	2015-04-20
Godzilla (1954)	0047034	4673423	175000	2004-05-07
Godzilla Raids Again	0048127	0	800000	1959-05-21
Shin Godzilla	4262980	0	0	2016-07-29
The Golem	0011237	0	0	1921-06-19
Goodnight Mommy	3086442	0	0	2015-09-11
The Good Son	0107034	60417219	17000000	1993-09-24
Gore Orphanage	3831242	0	0	2015-07-21
Gorgo	0054938	0	0	1961-03-29
The Gorgon	0058155	0	0	1965-02-17
Goth (2003)	0366530	0	0	2003-06-10
Goth (2008)	1092006	0	0	2008-12-20
Graduation Day	0082467	23894000	250000	1981-05-01
Grave Encounters	1703199	0	100000	2011-09-09
Grave Encounters 2	2231554	0	0	2012-10-02
Grave of the Vampire	0068658	0	50000	1975-02-21
Graveyard Shift	0099697	11582891	10500000	1990-10-26
The Green Elephant	1003080	0	0	1999
The Green Inferno	2403021	7192291	6000000	2015-09-25
Grindhouse	0462322	25031037	53000000	2007-04-06
Planet Terror	1077258	0	0	2007-06-21
Death Proof	1028528	0	0	2007-05-31
Grizzly	0074593	0	750000	1976-05-21
Grizzly Park	0915460	0	0	2008-02-07
The Grudge	0391198	187281115	10000000	2004-10-22
Gutterballs	1087853	0	250000	2008-01-18
The Hallow	2474976	0	0	2015-11-05
Halloween	0077651	70000000	300000	1978-10-25
Halloween (1978)	0077651	70000000	300000	1978-10-25
Halloween II (1981)	0082495	25533818	2500000	1981-10-30
Halloween III: Season of the Witch	0085636	14400000	2500000	1982-10-22
Halloween 4: The Return of Michael Myers	0095271	17768757	5000000	1988-10-21
Halloween 5: The Revenge of Michael Myers	0097474	11642254	3000000	1989-10-13
Halloween: The Curse of Michael Myers	0113253	15116634	5000000	1995-09-29
Halloween: Resurrection	0220506	30354442	15000000	2002-07-12
Halloween (2007)	0373883	58272029	15000000	2007-08-31
Halloween II (2009)	1311067	39421467	15000000	2009-08-28
The Hamiltons	0443527	0	0	2006-11-19
The Thompsons	1831806	0	3000000	2012-12-31
Hansel and Gretel (2007)	1002567	0	4000000	2007-12-27
Hansel and Gretel (2013)	3675828	0	0	2013-05-28
Hansel vs. Gretel	4145350	0	0	2016-03-31
The Happening	0949731	64506874	48000000	2008-06-13
Happy Birthday to Me	0082498	0	3500000	1981-05-15
Happy Hell Night	0236283	0	0	1992-04-13
Harbinger Down	3397918	0	0	2015-08-07
Hardware	0099740	5728953	1500000	1990-09-14
Hatchet	0422401	175281	1500000	2010-04-02
Haunted Forest	0462517	0	100000	2007-06-26
Haunter	2345567	0	0	2013-10-17
The Haunting (1963)	0057129	2616000	1400000	1963-08-25
The Haunting (1999)	0171363	91411151	80000000	1999-07-23
The Haunting Hour	0905994	0	3000000	2007-09-04
The Haunting of Molly Hartley	1045655	13350177	5000000	2008-10-31
The Haunting of Whaley House	2396701	0	115000	2012-07-31
Hausu	0076162	0	0	1977-09
Häxan	0013257	0	0	1929-05-27
He Knows You're Alone	0080850	0	250000	1980-08-29
Heartless	1220214	2033	5000000	2010-11-19
Hell Night	0082511	0	0	1981-08-28
Hell of the Living Dead	0082559	0	0	1984-01-20
Hellraiser	0093177	14564027	1000000	1987-09-18
Hellraiser	0093177	14564027	1000000	1987-09-18
Hellbound: Hellraiser II	0095294	12090735	3000000	1988-12-23
Hellraiser III: Hell on Earth	0104409	12534961	5000000	1992-09-11
Hellraiser: Bloodline	0116514	16675000	4000000	1996-03-08
Hellraiser: Inferno	0229440	0	2000000	2000-10-03
Hellraiser: Hellseeker	0274546	0	3000000	2002-10-15
Hellraiser: Deader	0337636	0	4000000	2005-06-07
Hellraiser: Hellworld	0354623	0	5000000	2005-09-06
Hellraiser: Revelations	1716747	0	350000	2011-10-18
Henry: Portrait of a Serial Killer	0099763	609939	111000	1990-09-07
Here Alone	4814760	0	0	2017-05-18
Hide and Seek	0382077	51100486	30000000	2005-01-28
The Hideous Sun Demon	0052888	0	58500	1962-04-12
High Tension	0338095	0	0	2005-06-10
The Hills Have Eyes (1977)	0077681	0	230000	1977-07-22
The Hills Have Eyes Part II	0089274	0	700000	1985-08-02
The Hills Have Eyes (2006)	0454841	70355813	15000000	2006-03-10
The Hills Have Eyes 2	0800069	37466538	15000000	2007-03-23
The Hills Run Red	0907676	0	0	2009-09-29
The Hitcher	0091209	5844868	6000000	1986-02-21
Hive Mind	1550506	0	0	2009-11-21
Hold Your Breath	2240312	0	0	2012-10-05
Holidays	4419364	0	0	2016-04-15
Holocaust 2000	0077332	0	0	1977-11-25
Home Movie	1267319	0	0	2009-12-08
Home Sweet Home	0082522	0	0	1981
Honeymoon	3177316	7959	1000000	2014-09-12
The Horror at 37,000 Feet	0068715	0	0	1973-02-13
Horror Express	0068713	0	300000	1973-12
A Horrible Way To Die	1617620	0	0	2011-08-19
Horror of Dracula	0051554	0	0	1958-05-08
The Brides of Dracula	0053677	0	0	1960-09-05
Dracula: Prince of Darkness	0059127	0	0	1966-01-12
Dracula Has Risen from the Grave	0062909	0	0	1969-02-06
Taste the Blood of Dracula	0065073	0	0	1970-06-07
Scars of Dracula	0067713	0	0	1970-12-23
Dracula A.D. 1972	0068505	0	0	1972-11-17
The Satanic Rites of Dracula	0070634	0	0	1978-10
The Legend of the 7 Golden Vampires	0070297	0	0	1979-06
The Horror of Party Beach	0058208	0	120000	1964-06-01
Horsemen	0892767	0	20000000	2009-02-06
Hospital Massacre	0082527	0	0	1982-04
The Host	0468492	0	0	2007-03-30
Hostel	0450278	47326473	4800000	2006-01-06
House	0091223	19444631	3000000	1986-02-28
House II: The Second Story	0093220	0	0	1987-08-28
House IV	0104449	0	0	1992-01-29
House at the End of the Street	1582507	31611916	6900000	2012-09-21
The House by the Cemetery	0082966	0	0	1984-06-01
House of 1000 Corpses	0251736	12634962	7000000	2003-04-11
The Devil's Rejects	0395584	17044981	7000000	2005-07-22
House of Bones	1334536	0	0	2010-01-16
House of Frankenstein	0036931	0	0	1944-12-01
House of Dracula	0037793	0	0	1945-12-07
Abbott and Costello Meet Frankenstein	0040068	3200000	800000	1948-06-15
House of the Dead	0317676	10249719	7000000	2003-10-10
House of the Dead II: Dead Aim	0435665	0	6000000	2006-02-11
The House of the Devil	1172994	100659	900000	2012-05-04
House of the Wolf Man	1483768	0	0	2009-10-01
House of Wax (1953)	0045888	9500000	658000	1953-04-25
House of Wax (2005)	0397065	70064800	30000000	2005-05-06
House of Whipcord	0071628	0	0	1975-03
House on Haunted Hill (1959)	0051744	0	200000	1959-02-17
House on Haunted Hill (1999)	0185371	40846082	37000000	1999-10-29
The House on Sorority Row	0085694	10604986	425000	1983-01-21
Sorority Row	1232783	11915856	16000000	2009-09-11
House on the Edge of the Park	0080503	0	0	1985-02-22
The House That Drips Blood on Alex	1691424	0	0	2010-07-24
Housebound	3504048	0	0	2014-09-04
The Houses October Built	1958043	0	0	2014-10-10
How to be a Serial Killer	1038971	899	2000000	2008-11-15
Howl	2393827	0	0	2015-10-16
The Howling	0082533	17986000	1000000	1981-04-10
The Human Centipede	1467304	0	0	2010-04-28
Humongous	0082537	0	2000000	1982-06-11
The Hunger	0085701	0	0	1983-04-29
Hunting Humans	0339184	0	21000	2003-07-22
Hush	5022702	0	1000000	2016-04-08
I Am The Pretty Thing That Lives In The House	5059406	0	0	2016-10-28
I Bought a Vampire Motorcycle	0097550	0	0	1990
Ice Cream Man	0113376	0	2000000	1995-05-09
Idle Hands	0138510	4002955	25000000	1999-04-30
I Drink Your Blood	0067229	0	0	1970-12
I Know What You Did Last Summer	0119345	72586134	17000000	1997-10-17
I Know Who Killed Me	0897361	7498716	12000000	2007-07-27
Ils	0465203	0	0	2006-07-19
I, Monster	0068727	0	0	1973-04
In the Mouth of Madness	0113409	8946600	8000000	1995-02-03
The Incredible Melting Man	0076191	0	250000	1977-12
The Incredibly Strange Creatures Who Stopped Living and Became Mixed-Up Zombies!!?	0057181	0	38000	1964-02-10
The Indestructible Man	0049363	0	0	1956-03-25
Infection	0418778	0	0	2004-10-02
Infestation	1020543	0	0	2009-11-28
The Innkeepers	1594562	77501	750000	2012-03-29
Innocent Blood	0104511	0	0	1992-09-25
The Innocents	4370784	0	0	2016-02-10
Inside	0856288	0	3000000	2007-06-13
Insidious	1591095	54009150	1500000	2011-04-01
Insomnia	0278504	67355513	46000000	2002-05-24
Intensive Care	3221016	0	2000000	2018-07
Intruder	3014556	0	1000000	2016-06-24
Intruders	4009278	0	0	2016-01-15
Invasion of the Body Snatchers (1956)	0049366	0	417000	1956-02-05
Invasion of the Body Snatchers (1978)	0077745	24946533	3500000	1978-12-22
Body Snatchers	0106452	428868	13000000	1994-01-28
The Invasion	0427392	15071514	80000000	2007-08-17
The Invisible Man	0024184	0	0	1933-11-13
The Invisible Man Returns	0032635	0	0	1940-01-12
The Invitation	0248110	0	0	2003-12-23
I Saw the Devil	1588170	0	0	2010-08-12
I Sell the Dead	0902290	7066	750000	2009-01-16
The Island of Doctor Moreau	0076210	0	6000000	1977-07-13
Island of Lost Souls	0024188	0	300000	1932-12
Island of Terror	0060548	0	0	1967-02-01
It	1396484	0	0	2017-09-08
It	1396484	0	0	2017-09-08
It Came from Beneath the Sea	0048215	0	0	1955-07
It Came from Outer Space	0045920	0	800000	1953-06
It Comes at Night	4695012	0	0	2017-06-09
It Conquered the World	0049370	0	0	1956-07-15
It Follows	3235888	14673301	2000000	2015-03-27
It Lives by Night	0071198	0	0	1974-01-30
It's Alive	0071675	0	0	1974-10
It's My Party and I'll Die If I Want To	1220890	0	30000	2007-09-15
I Walked with a Zombie	0036027	0	0	1943-04-30
I Was a Teenage Werewolf	0050530	2000000	82000	1957-06-19
Jack Brooks: Monster Slayer	0816539	0	2500000	2008-11-19
Jack Frost	0116671	0	0	1997-11-18
Jacob's Ladder	0099871	26118851	25000000	1990-11-02
Jaws	0073195	260000000	8000000	1975-06-20
Jaws 2	0077766	102922376	20000000	1978-06-16
Jaws: The Revenge	0093300	20763013	23000000	1987-07-17
Jeepers Creepers	0263488	37904175	10000000	2001-08-31
Jeepers Creepers 2	0301470	35667218	17000000	2003-08-29
Jennifer's Body	1131734	16195523	16000000	2009-09-18
Jesus Christ: Vampire Hunter	0311361	0	100000	2002-01-15
Joshua	0808331	0	0	2007-07-13
Journey to the Seventh Planet	0056127	0	74600	1962-03-10
Joy Ride	0206314	21973182	23000000	2001-10-05
Joy Ride 2: Dead Ahead	1140941	0	5000000	2008-10-07
Joy Ride 3: Roadkill	3138376	0	0	2014-06-09
Juan of the Dead	1838571	0	0	2012-01-13
Jug Face	2620736	0	0	2013-07-08
Julia's Eyes	1512685	0	0	2010-10-29
Ju-on	0364385	325661	3500000	2003-01-25
Ju-Rei	0445483	0	0	2004-10-24
Just Before Dawn	0082592	0	0	1981-10-14
Karla	0424938	0	5000000	2006-01-20
The Keep	0085780	4218594	11000000	1983-12-16
Kill List	1788391	0	0	2011-09-02
Killdozer	0071717	0	0	1974-02-02
Killer Klowns from Outer Space	0095444	15625095	2000000	1988-05-20
Killer Nerd	0102209	0	12000	2006-07-10
The Killer Shrews	0052969	1000000	123000	1962-04-06
The Killing of Satan	0085792	0	0	1983-06-10
Kingdom of the Spiders	0076271	17000000	500000	1977-11
KISS Meets the Phantom of the Park	0077788	0	0	1978-10-28
Kiss of the Tarantula	0131449	0	200000	1976-05
Knock Knock (2015)	3605418	36336	2500000	2015-10-09
Komodo	0172669	0	0	2000-05-04
Konga	0055058	0	500000	1961-07-21
Krampus	3850590	61788393	15000000	2015-12-04
Kwaidan	0058279	0	0	1965-11-22
Laid to Rest	1228933	0	0	2009-03-18
The Lair of the White Worm	0095488	1189315	2500000	1988-10-21
Lake Bodom	3743042	0	0	2017-05-18
Lake Mungo	0816556	0	0	2010-01-29
Lake Placid	0139414	31770414	35000000	1999-07-16
Lake Placid Vs Anaconda	4497416	0	0	2015-04-25
The Last Broadcast	0122143	0	900	1998-10-23
The Last Exorcism	1320244	67738090	1800000	2010-08-27
The Last House on the Left	0844708	32721635	15000000	2009-03-13
The Last Lovecraft: Relic of Cthulhu	1522262	0	50000	2009-10-03
The Last Man on Earth	0058700	0	0	1964-03-08
The Last Shark	0081677	0	0	1982-03-05
Last Shift	2965466	0	0	2015-10-06
The Last Slumber Party	0212302	0	0	1988
The Last Winter	0454864	32921	5000000	2008-09-24
Las Vegas Bloodbath	0240670	0	0	2008-12-14
The Leech Woman	0054020	0	0	1960-05
Left Bank	0940723	0	0	2008-03-26
The Legacy	0079450	0	2500000	1979-09-14
The Legend of Boggy Creek	0068837	20000000	100000	1973-06-07
Boggy Creek 2: The Legend Continues	0088772	0	0	1985-12
The Legend of Wasco	5047424	0	0	2015-12-15
Leprechaun	0107387	8556940	900000	1993-01-08
Leprechaun 2	0110329	2260622	2000000	1994-04-08
Leprechaun 3	0113636	0	1200000	1995-06-27
Leprechaun 4: In Space	0116861	0	1600000	1997-02-25
Leprechaun in the Hood	0209095	0	0	2000-03-28
Leprechaun: Back 2 tha Hood	0339294	0	0	2003-12-30
Leprechaun: Origins	2345613	0	0	2014-08-22
The Leopard Man	0036104	0	0	1943-06-25
Lesbian Vampire Killers	1020885	0	0	2009-03-20
Leviathan (1989)	0097737	15704614	25000000	1989-03-17
Lifeforce	0089489	11603545	25000000	1985-06-21
Lighthouse	0139426	0	1800000	2002-07-17
Lights Out (2016)	4786282	67235683	4900000	2016-07-22
Lisa and the Devil	0068863	0	1000000	1973-05-09
Little Sweetheart	0095881	0	0	1989-10-19
Livid	1727516	0	5000000	2011-12-07
The Living Dead at Manchester Morgue	0071431	0	0	1975-06-01
Night of the Living Dead (1968)	0063350	12000000	114000	1968-10-31
Dawn of the Dead (1978)	0077402	5100000	650000	1979-05-24
Day of the Dead (1985)	0088993	5804262	3500000	1985-07-19
Night of the Living Dead (1990)	0100258	5835247	4200000	1990-10-19
Dawn of the Dead (2004)	0363547	102356381	26000000	2004-03-19
Land of the Dead	0418819	20700082	15000000	2005-06-24
Diary of the Dead	0848557	5364858	2000000	2008-02-22
Day of the Dead (2008)	0489018	301771	18000000	2008-04-08
Survival of the Dead	1134854	386078	4000000	2010-05-06
The Loch Ness Horror	0082669	0	0	1982-11-12
Locusts: The 8th Plague	0491661	0	0	2005-11-12
Long Pigs	0971204	0	250000	2007-10-06
Lord of Illusions	0113690	13293081	12000000	1995-08-25
Lord Of Tears	2367066	0	0	2013-10-25
The Lords of Salem	1731697	1163508	2500000	2013-04-18
Lost After Dark	3397556	0	0	2015-08-21
The Lost Boys	0093437	0	0	1987-07-31
The Lost Coast Tapes	1740725	0	0	2012-10-26
The Loved Ones	1316536	0	0	2010-11-04
Lovers Lane	0187251	0	0	2000-10-25
Lovely Molly	1707392	0	1000000	2012-06-29
Lucky Bastard	2417854	0	0	2014-02-14
Madhouse (2004)	0363276	0	3000000	2004-07-30
The Mad Monster	0035009	0	0	1942-05-15
Madman	0082696	0	0	1982-01-01
Magic	0077889	0	0	1978-11-08
Making Contact	0089378	0	0	1985-11
Mama	2023587	71628180	20000000	2013-01-18
Man Bites Dog	0103905	0	0	1993-01-15
The Man Who Laughs	0019130	0	0	1928-11-04
Man's Best Friend	0107504	12974636	6000000	1993-11-19
Man-Thing	0290747	143615	7500000	2005-04-21
Man Vs	3584354	0	0	2015-11-13
Maneater	0066365	0	0	1969-10-08
The Mangler	0113762	0	0	1995-03-03
Maniac	2103217	20551	6000000	2013-01-02
Maniac Cop	0095583	671382	1100000	1988-05-13
Maniac Cop 2	0100107	0	4000000	1990-07-18
Maniac Cop 3: Badge of Silence	0104808	0	0	1993-07-07
Manos The Hands of Fate	0060666	0	19000	1966-11-15
Martin	0077914	0	80000	1978-07-05
Martyrs	1029234	0	6500000	2008-09-03
Mary Shelley's Frankenstein	0109836	28800134	45000000	1994-11-04
The Masque of the Red Death	0058333	0	0	1964-10-30
Matango	0057295	0	0	1963-08-11
Maximum Overdrive	0091499	7433663	10000000	1986-07-25
May	0303361	150277	500000	2003-04-11
Mega Shark vs. Giant Octopus	1350498	0	0	2009-05-26
Megan Is Missing	1087461	0	0	2011-05
Mexican Werewolf In Texas	0756689	0	300000	2005-09-18
The Messengers	0425430	35374833	16000000	2007-02-02
The Midnight Meat Train	0805570	83361	15000000	2008-08-07
Midnight Movie	0981224	0	1000000	2009-01-06
Mikey	0104870	0	0	1992-11-12
Mimic	0119675	25480490	30000000	1997-08-22
Mirrors	0790686	30691439	35000000	2008-08-15
Misery	0100157	61276872	20000000	1990-11-30
The Mist	0884328	25593755	18000000	2007-11-21
Mister Frost	0100161	0	0	1990-11-09
The Monolith Monsters	0050720	0	0	1957-12-18
The Monster	3976144	0	2700000	2016-10-06
Monster a-Go Go	0059464	0	0	1965-07
Monster Brawl	1716753	0	200000	2012-03-30
The Monster Club	0081178	0	0	1981-05-27
Monster in the Closet	0091544	0	0	1987-01-30
Monster Man	0365513	0	4000000	2005-03-11
The Monster That Challenged the World	0050722	0	254000	1957-06
Monsters Crash the Pajama Party	0059466	0	0	2001-08-24
Moontrap	0097911	0	0	1989-06-08
Motel Hell	0081184	6342668	3000000	1980-10-24
Mother's Day	4824302	32463917	25000000	2016-04-29
The Mothman Prophecies	0265349	55157539	32000000	2002-01-25
Motor Home Massacre	0491063	0	0	2005-08-04
The Mountain of the Cannibal God	0077945	0	0	1979-04-13
Mr. Sardonicus	0055200	0	0	1962-02-12
The Mummy (1932)	0023245	0	196000	1932-12-22
The Mummy (1959)	0053085	0	0	1959-12-16
The Curse of the Mummy's Tomb	0057986	0	0	1964-12-31
The Mummy's Shroud	0062006	0	0	1967-03-15
The Mummy (2017)	2345759	32246120	125000000	2017-06-09
The Mummy (1999)	0120616	155247825	80000000	1999-05-07
The Mummy Returns	0209163	433013274	98000000	2001-05-04
The Mummy: Tomb of the Dragon Emperor	0859163	102491776	145000000	2008-08-01
The Mummy's Hand	0032818	0	0	1940-09-20
Muoi: The Legend of a Portrait	0937231	0	2300000	2007-07-26
Murders in the Rue Morgue	0067457	0	700000	1971-09
Murders in the Zoo	0024360	0	0	1933-03-31
The Mummy's Hand	0032818	0	0	1940-09-20
My Bloody Valentine	1179891	100734718	15000000	2009-01-16
My Bloody Valentine 3D	1179891	100734718	15000000	2009-01-16
My Little Eye	0280969	0	0	2002-10-04
My Soul to Take	0872230	14637490	25000000	2010-10-08
Mystery of the Wax Museum	0024368	0	0	1933-02-18
My Super Psycho Sweet 16	1488584	0	1500000	2009-10-23
Naboer	0453383	0	0	2005-03-11
The Nail Gun Massacre	0089665	0	0	1987-01
Near Dark	0093605	3369307	5000000	1988
Necronomicon	0107664	0	4000000	1994-07-29
Nekromantik	0093608	0	0	1987
The Neon Demon	1974419	1333124	7000000	2016-06-24
Ne Te Retourne Pas (\Don't Look Back\)	1075113	0	0	2009-06-03
Never Cry Werewolf	1135933	0	1000000	2008-05-11
New Year's Evil	0082806	0	0	1980-12-26
The New York Ripper	0084719	0	0	1982-03-04
Next of Kin (1982)	0084408	0	0	1986-04-30
The Night Flier	0119784	125397	1000000	1998-02-06
Night of the Big Heat	0062037	0	0	1971
Night of the Blood Beast	0051993	0	68000	1958-08
Night of the Creeps	0091630	591366	5000000	1986-08-22
Night of the Demon	0050766	0	0	1958-07
Night of the Demons (1988)	0093624	3109904	1200000	1988-10-14
Night of the Demons 2	0110667	0	1300000	1994-05-13
Night of the Demons 3	0116073	0	0	1997-10-07
Night of the Demons (2009)	1268809	0	10000000	2011-05-26
Night of the Ghouls	0156843	0	0	1984
Night of the Lepus	0069005	0	900000	1972-10-04
A Night to Dismember	0126527	0	0	2005-09-30
Nightbreed	0100260	8862354	11000000	1990-02-16
Nightmare	0082818	0	0	1981-10-23
A Nightmare on Elm Street	1179056	63075011	35000000	2010-04-30
A Nightmare on Elm Street (1984)	0087800	25504513	1800000	1984-11-16
A Nightmare on Elm Street Part 2: Freddy's Revenge	0089686	29999213	3000000	1985-11-01
A Nightmare on Elm Street 3: Dream Warriors	0093629	44793222	4500000	1987-02-27
A Nightmare on Elm Street 4: The Dream Master	0095742	49369899	13000000	1988-08-19
A Nightmare on Elm Street 5: The Dream Child	0097981	22168359	6000000	1989-08-11
Freddy's Dead: The Final Nightmare	0101917	34872033	11000000	1991-09-13
Wes Craven's New Nightmare	0111686	18090181	8000000	1994-10-14
Nightmares	0086014	6670680	6000000	1983-09-09
Nightwish	0097982	0	0	1990-04-21
Nine Lives (2002)	0318497	0	4000000	2010-09-22
No One Lives	1763264	72140	2900000	2013-05-10
Noroi: The Curse	0930083	0	2000000	2005-08-20
Nosferatu	0013442	0	0	1929-06-03
Nudist Colony of the Dead	0102564	0	0	2005-01-25
Oculus	2388715	27695246	5000000	2014-04-11
Of Unknown Origin	0086036	1080470	4000000	1983-11-24
The Old Dark House (1932)	0023293	0	0	1932-10-20
The Omega Man	0067525	0	0	1971-08-01
The Omen	0075005	60922980	2800000	1976-06-25
The Omen (1976)	0075005	60922980	2800000	1976-06-25
Damien: Omen II	0077394	26518355	6800000	1978-06-09
Omen III: The Final Conflict	0082377	20471342	5000000	1981-03-20
Omen IV: The Awakening	0102585	0	0	1991-05-20
The Omen (2006)	0466909	54607383	25000000	2006-06-06
One Missed Call	0479968	26876529	27000000	2008-01-04
Onibaba	0058430	0	0	1965-02-04
Open Grave	2071550	0	0	2014-01-03
Opera	0093677	0	8000000	1991-01-01
The Oracle	0089735	0	0	1985-05
Orca: The Killer Whale	0076504	0	0	1977-07-22
Orphan	1148204	0	0	2009-07-24
The Orphanage	0464141	0	0	2008-01-11
Other Halves	4308714	0	0	2016
The Others	0230600	209947037	17000000	2001-08-10
Otto; Or Up with Dead People	1151384	0	0	2008-09-18
Ouija	1204977	103590271	5000000	2014-10-24
Ouija: Origin of Evil	4361050	31259015	9000000	2016-10-21
The Outing	0086262	0	0	1981-01-01
Outpost	0892899	0	0	2008-03-11
Oyayubihime	6433128	0	0	1999-09-13
P2	0804516	3992339	8000000	2007-11-09
The Pact	2040560	7200000	400000	2012-06-08
A Page of Madness	0017048	0	0	1975-01
Pandorum	1188729	10330853	33000000	2009-09-25
Panna a netvor	0078054	0	0	1983-10
Paranoiac	0057401	0	0	1963-05-15
Paranormal Activity	1179904	193355800	15000	2009-10-16
Pathogen	0481598	0	7000	2006-03-25
Patrick	2147459	0	0	2014-03-14
Peeping Tom	0054167	0	0	1962-05-15
The People Under the Stairs	0105121	24204154	6000000	1991-11-01
Pet Sematary	0098084	57469179	11500000	1989-04-21
Pet Sematary Two	0105128	17092453	8000000	1992-08-28
Phantasm	0079714	11988469	300000	1979-06-01
The Phantom of the Opera (1925)	0016220	0	0	1925-11-15
Phantom of the Opera (1943)	0036261	0	1500000	1943-08-27
The Phantom of the Opera (1962)	0056347	0	0	1962-08-15
The Phantom of the Opera (1989)	0098090	0	0	1989-11-03
Phase IV	0070531	0	0	1974-09
Phenomena	0087909	0	3800000	1985-08-02
Phone	0323630	0	0	2002-07-26
Pieces	0082748	2032311	300000	1983-09-23
Piranha	0078087	16000000	600000	1978-08-03
Piranha Part Two: The Spawning	0082910	0	145786	1982-11-05
Piranha 3D	0464154	25003155	24000000	2010-08-20
Piranha 3DD	1714203	8493728	5000000	2012-05-11
The Pit	0086113	0	1000000	1981-10-23
The Plague of the Zombies	0060841	0	0	1966-01-12
Plan 9 from Outer Space	0052077	0	60000	1959-07-22
Poltergeist	0084516	123606280	10700000	1982-06-04
Poltergeist II: The Other Side	0091778	40996665	19000000	1986-05-23
Poltergeist III	0095889	14114488	10500000	1988-06-10
Pontypool	1226681	3478	1500000	2009-09-18
The Pool	0283027	0	0	2001-10-04
Popcorn	0102690	0	0	1991-02-01
Possession	0082933	0	0	1983-10-28
The Possession	0431021	49130154	14000000	2012-08-31
The Possession Of Michael King	2282016	0	0	2014-08-22
The Poughkeepsie Tapes	1010271	0	0	2009-01-30
Poultrygeist: Night of the Chicken Dead	0462485	23000	500000	2012-07-06
Predator	3829266	0	0	2018-08-03
Predator 2	0100403	30669413	35000000	1990-11-21
Predators	1424381	52000688	40000000	2010-07-09
The Prey	0086137	0	0	1984-11-02
Primeval	0772193	0	0	2007-01-12
Prince of Darkness	0093777	14182492	3000000	1987-10-23
Prison	0095904	354704	1300000	1987-12-08
The Profane Exhibit	2066123	0	0	2013
The Projected Man	0062159	0	0	1967-02
Project Metal Beast	0114193	0	0	1995-01
Prometheus	1446714	126477084	130000000	2012-06-08
Alien: Covenant	2316204	15350000	97000000	2017-05-19
Prom Night (1980)	0081383	14796236	1500000	1980-07-18
Hello Mary Lou: Prom Night II	0093176	0	0	1987-11-13
Prom Night III: The Last Kiss	0098136	0	0	1990-06-28
Prom Night IV: Deliver Us From Evil	0105179	0	0	1992-02-14
Prom Night (2008)	0926129	43869350	20000000	2008-04-11
Prophecy	0079758	18389402	12000000	1979-08-22
The Prophecy	0114194	16115878	8000000	1995-09-01
The Prophecy II	0118643	0	0	1998-01-20
The Prophecy 3: The Ascent	0183678	0	0	2000-03-14
Proteus	0276816	2622015	40000000	2002-10-18
The Prowler	0082951	0	1000000	1981-11-06
Pro Wrestlers vs. Zombies	2240046	18655	230000	2014-03-28
Psycho	0054215	32000000	806947	1960-09-08
Psycho II	0086154	34725000	5000000	1983-06-03
Psycho III	0091799	0	0	1986-07-02
Psycho IV: The Beginning	0102724	0	0	1990-11-10
Psycho Beach Party	0206226	265107	1500000	2001-09
Psycho Cop	0095922	0	0	1989-11-28
Psycho Cop Returns	0107894	0	0	1994-07-27
Pulgasari	0089851	0	0	1998-07-04
The Pumpkin Karver	0810444	0	1000000	2006-10-31
Pumpkinhead	0095925	4385516	3500000	1989-01-13
Puppet Master	0098143	0	0	1990
The Pyramid	2799166	2756333	6500000	2014-12-05
Q: The Winged Serpent	0084556	0	1200000	1982-10-29
Quarantine	1082868	31691811	12000000	2008-10-10
Rabies	1754000	0	0	2010-12-02
Race With the Devil	0073600	0	0	1975-06
Rampage	2231461	0	0	2018-04-20
Rare Exports: A Christmas Tale	1401143	0	0	2010-12-03
The Raven (1935)	0026912	0	115000	1935-07-08
The Raven (1963)	0057449	0	200000	1963-01-25
Ravenous	0129332	2060953	12000000	1999-03-19
Raw	4954522	0	0	2017-03-15
Rawhead Rex	0091829	0	0	1987-04-17
Razorback	0087981	0	0	1984-11-16
Re-Animator	0089885	2023414	900000	1985-10-18
Bride of Re-Animator	0099180	0	2000000	1990-07-08
Beyond Re-Animator	0222812	0	3000000	2003-07-25
The Reaping	0444682	25117498	40000000	2007-04-05
Reazione a Catena	0115857	20550712	50000000	1996-08-02
[REC]	1038988	0	0	2007-11-23
Red Mist	1185264	0	3000000	2009-07-03
Red Rover	0345852	0	5000000	2006-10-08
The Red Shoes	0468683	0	0	2005-06-30
Red State	0873886	1104682	4000000	2011-09-30
Red Water	0365677	0	0	2003-08-17
The Reef	1320291	0	0	2011-03-17
Reeker	0393635	0	0	2006-02-17
Reincarnation	0456630	0	0	2006-01-07
The Relic	0120004	33956608	40000000	1997-01-10
Repo! The Genetic Opera	0963194	140244	8500000	2008-11-20
Repulsion	0059646	0	300000	1965-10-03
Resident Evil	0120804	41600000	33000000	2002-03-15
Resident Evil: Apocalypse	0318627	51201453	45000000	2004-09-10
Resident Evil: Extinction	0432021	50648679	45000000	2007-09-21
Resident Evil: Afterlife	0432021	50648679	45000000	2007-09-21
Resident Evil: Retribution	1855325	42345531	65000000	2012-09-14
Resident Evil: The Final Chapter	2592614	313000000	40000000	2017-01-27
Resident Evil: Degeneration	1174954	0	0	2008-10-18
Resident Evil: Damnation	1753496	0	0	2012-10-27
Resident Evil: Vendetta	5776208	0	0	2017-05-27
Resolution	1977895	0	0	2013-01-23
The Return (1980)	0081421	0	750000	2009-07-31
Return to Horror High	0093854	0	0	1987-02-20
Return of the Living Dead	0089907	14237000	4000000	1985-08-16
The Return of the Living Dead	0089907	14237000	4000000	1985-08-16
Return of the Living Dead Part II	0107953	54207	2000000	1994-02-25
Return of the Living Dead: Necropolis	0411805	0	6000000	2006-03-23
Return of the Living Dead: Rave to the Grave	0411806	0	0	2006-08-31
The Ring	0298130	249348933	48000000	2002-10-18
The Ring Two	0377109	161451538	50000000	2005-03-18
Rings	0498381	27780085	25000000	2017-02-03
Road Train	1241330	0	1000000	2010-08-06
RoboGeisha	1381512	0	250000	2009-10-03
Robot Monster	0046248	1000000	16000	1953-06-25
The Robot vs. The Aztec Mummy	0050717	0	0	1959
The Roommate	1265990	40492759	16000000	2011-02-04
Rosemary's Baby	0063522	33395426	2300000	1968-06-12
Rubber	1612774	98017	500000	2010-11-10
The Ruins	0963794	17432844	8000000	2008-04-04
Rumpelstiltskin	0114306	294991	3000000	1995-11-24
The Sacrament	2383068	9039	4000000	2014-05-01
Sadako Vs Kayako	5309954	0	0	2016-06-18
Salvage	1297298	0	0	2010-07-06
The Sand	3399484	0	0	2015-10-13
Santa Sangre	0098253	0	787000	1990-06-27
Santa's Slay	0393685	0	0	2005-10-25
Satan's Little Helper	0380687	0	0	2004-05-06
Satan's Children	0128451	0	0	1975-06-01
Sauna	1124394	0	0	2008-10-24
Savaged	2378453	0	0	2015-03-06
Saw	0387564	56000369	1200000	2004-10-29
Saw (2004)	0387564	56000369	1200000	2004-10-29
Saw II	0432348	147748505	4000000	2005-10-28
Saw III	0489270	80238724	10000000	2006-10-27
Saw IV	0890870	63300095	10000000	2007-10-26
Saw V	1132626	56746769	10800000	2008-10-24
Saw VI	1233227	27445118	11000000	2009-10-23
Saw 3D	1477076	136150434	20000000	2010-10-29
Saw Legacy	3348730	0	0	2017-10-27
Scalps	0086248	0	0	1983-12
Scanners	0081455	14225876	4100000	1981-01-14
Scanners II: The New Order	0102848	0	5000000	1991-06-28
Scanners III: The Takeover	0105322	0	5400000	1992-05-14
Scanner Cop	0111082	0	0	1994-05
Scanner Cop II	0114344	0	4000000	1995-05-16
Scarecrows	0096046	0	425000	1991-03-26
Scary or Die	1833879	0	0	2012-09-11
Scooby-Doo On Zombie Island	0166792	0	0	1998-09-22
Scream (1981)	0086262	0	0	1981-01-01
Scream	0117571	173046663	14000000	1996-12-20
Scream (1996)	0117571	173046663	14000000	1996-12-20
Scream 2	0120082	172363301	24000000	1997-12-12
Scream 3	0134084	89138076	40000000	2000-02-04
Scream 4	1262416	97138686	40000000	2011-04-15
Scream Bloody Murder	0070654	0	0	1973-02
Scream For Help	0088066	0	0	1984-07
Scream Park	2336104	0	3000000	2016-04-25
Screamers	0114367	5781885	20000000	1996-01-26
The Screaming Skull	0052169	0	0	1958-01
Séance	0814343	0	0	2013-08-14
See No Evil	0437179	15032800	8000000	2006-05-19
See No Evil 2	3106120	0	0	2014-10-21
The Sentinel	0076683	4000000	3700000	1977-05-12
A Serbian Film	1273235	0	0	2012-01-21
The Serpent and the Rainbow	0096071	19595031	7000000	1988-02-05
Session 9	0261983	378176	1500000	2001-09-14
Severance	0464196	0	0	2006-08-25
Shadow of the Vampire	0189998	8279017	8000000	2001-01-26
Shakma	0100589	0	1550000	1990-10-05
The Shallows	4052882	55121623	17000000	2016-06-24
Shark Attack	0161970	0	0	1999-05-28
Shark Attack 3: Megalodon	0313597	0	0	2004-10-20
Shark in Venice	1087474	0	0	2009-05-14
Shark Night	1867055	0	0	2010
Sharktopus	1619880	0	0	2010-09-25
The She-Creature	0050957	0	100000	1956-08
She-Wolf of London	0038934	0	0	1946-05-17
The Shining	0081505	44017374	19000000	1980-06-13
Shivers	0073705	0	179000	1976-07-06
Shock 'Em Dead	0102910	0	100000	1991-01-31
Shock Waves	0076704	0	200000	1977-07-15
Shocker	0098320	16554699	5000000	1989-10-27
The Shrine	1341710	0	1500000	2010-10-14
Shrooms	0492486	0	0	2007-11-23
Shut In	2582500	6891009	10000000	2016-11-11
Shutter	0482599	47879410	8000000	2008-03-21
Shuttle	0880648	10625	2400000	2009-02-12
Sick Girl	1078931	0	30000	2007-10-01
Siege of the Dead	1583356	0	0	2011-05-04
The Signal (2007)	0780607	597420	50000	2008-07-04
Silent Hill	0384537	46982632	50000000	2006-04-21
Silent Hill: Revelation 3D	0938330	17529157	20000000	2012-10-26
The Silent House (2010)	1646973	0	6000	2011-03-04
Silent House (2012)	3462264	0	0	2012-08-01
Silent Night, Deadly Night	0088117	2491460	1065000	1984-11-09
Silent Night, Deadly Night Part 2	0088117	2491460	1065000	1984-11-09
Silent Night, Deadly Night III: Better Watch Out!	0098331	0	0	1989-11-09
Initiation: Silent Night, Deadly Night 4	0100618	0	0	1990-11-21
Silent Night, Deadly Night 5: The Toy Maker	0105410	0	0	1991-11-06
Silent Night	2347497	0	0	2012-12-04
Silver Bullet	0090021	5400000	7000000	1985-10-11
The Sinful Dwarf	0070696	0	0	1973-12
Sinister	1922777	48086903	3000000	2012-10-12
The Sinners of Hell	0154683	0	0	1960-07-30
Sisters	1850457	105929161	30000000	2015-12-18
The Sixth Sense	0167404	293506292	40000000	1999-08-06
The Skeleton Key	0397101	47806295	43000000	2005-08-12
Slaughter High	0091969	0	0	1986-11-14
Sledgehammer	0244800	0	40000	2015-05-03
Sleepaway Camp	0086320	430000	350000	1983-11-18
Judy	4164244	0	0	2014-11-15
Sleepaway Camp II: Unhappy Campers	0096118	0	0	1988-08-26
Sleepaway Camp III: Teenage Wasteland	0096119	0	0	1989-08-04
Sleepaway Camp IV: The Survivor	2222430	0	0	2012-03-23
Return to Sleepaway Camp	0382943	0	4000000	2010-10-10
Sleep Tight	1437358	0	5000000	2011-10-14
Sleepwalkers	0105428	30524763	15000000	1992-04-10
Sleepy Hollow (1999)	0162661	101071502	100000000	1999-11-19
Slither	0439815	7774730	15500000	2006-03-31
Slugs	0093995	0	0	1988-02-05
The Slumber Party Massacre	0084695	3589000	250000	1982-11-12
Slumber Party Massacre II	0093996	0	0	1987-03-06
Slumber Party Massacre III	0100639	1242995	350000	1990-09-07
Smiley	2025667	0	0	2012-10-12
Snuff 102	0984118	0	0	2007-03
Society	0098354	0	2000000	1992-06-11
Southbound	4935334	0	0	2016-02-09
Species	0114508	113374103	35000000	1995-07-07
Spiders	0203940	0	2000000	2000-12-27
Spiders II: Breeding Ground	0282179	0	0	2001-05-09
Spider Baby or, the Maddest Story Ever Told	0058606	0	65000	1967-12-24
Splice	1017460	16999046	26000000	2010-06-04
Splinter	1031280	0	0	2009-04-03
Split	4972582	276789810	9000000	2017-01-20
Spontaneous Combustion	0098375	50367	5500000	1990-02-23
Squirm	0075261	0	470000	1976-07-30
StageFright -Aquarius-	0092576	0	1000000	1987-08-21
Stake Land	1464580	18469	650000	2011-06-17
Starry Eyes	2793490	0	0	2014-11-14
Stay Alive	0441796	23086480	9000000	2006-03-24
The Stepfather	0814335	0	0	2009-10-16
The Stepford Wives	0327162	102001626	90000000	2004-06-11
Steve Niles' Remains	1870527	0	750000	2011-12-06
Stigmata	0145531	89446268	29000000	1999-09-10
Stitches (2001)	0261322	0	0	2001-02-06
Stitches (2012)	2126362	0	0	2012-10-26
The Strangers	0482606	82391145	10000000	2008-05-30
Street Trash	0094057	0	500000	1987-05-09
Student Bodies	0083133	0	0	1981-08-07
The Stuff	0090094	0	1700000	1985-06-14
Subject Two	0492912	0	23000	2006-04-14
Subspecies	0103002	0	0	1991-08-08
Superstition	0084739	0	0	1985-01
Suspect Zero	0324127	8725813	27000000	2004-08-27
Suspiria	0076786	0	0	1977-08-12
Inferno	3062096	220021259	75000000	2016-10-28
Mother of Tears	0804507	58669	3500000	2007-10-31
Sweet Home	3477752	0	0	2015-05-08
Sweet Sixteen	0083146	0	0	1983-03-18
A Tale of Two Sisters	0365376	0	0	2003-06-13
Tales from the Crypt	0069341	0	0	1972-03-09
Tales from the Darkside: The Movie	0100740	16324573	3500000	1990-05-04
Tales from the Hood	0114609	11797927	6000000	1995-05-24
Tamara	0401815	206871	3800000	2006-02-03
Tape 407	2062661	0	0	2012-05-21
Tarantula	0048696	0	0	1956-02-20
Targets	0063671	0	130000	1968-08-15
Tasmanian Devils	2180543	0	0	2013-01-19
Ted Bundy	0284929	6073	1200000	2002-11-22
Teen-Age Strangler	0059786	0	0	1964
Teeth	0780622	0	0	2008-04-03
Tenebre	0084777	0	0	1984-02-17
The Terror	0057569	0	0	1964-05-16
Terror Firmer	0169299	1434	500000	1999-06-20
Terror Train	0081617	0	3500000	1980-10-03
Tetsuo: The Iron Man	0096251	0	0	1989-07-01
The Texas Chainsaw Massacre	0072271	30859000	300000	1974-10-04
The Texas Chainsaw Massacre 2	0092076	8025872	4700000	1986-08-22
Leatherface: The Texas Chainsaw Massacre III	0099994	0	0	1990-01-12
Texas Chainsaw Massacre: The Next Generation	0110978	186712	600000	1995-10-21
The Texas Chainsaw Massacre (2003)	0324216	80571655	9200000	2003-10-17
The Texas Chainsaw Massacre: The Beginning	0420294	51764406	16000000	2006-10-06
Texas Chainsaw 3D	1572315	34341945	20000000	2013-01-04
ThanksKilling	1129441	0	3500	2008-12-06
Theatre of Blood	0070791	0	0	1973-04-05
Them!	0047573	0	0	1954-06-19
They	0283632	12840842	17000000	2002-11-27
They Look Like People	4105970	0	0	2016-02-26
There's Nothing Out There	0103077	0	350000	1991-04
The Thing (1982)	0084787	19629760	15000000	1982-06-25
The Thing (2011)	0905372	16928670	38000000	2011-10-14
The Thing from Another World	0044121	0	0	1951-07-22
The Thing That Couldn't Die	0052289	0	0	1959
Thir13en Ghosts	0245674	41867960	42000000	2001-10-26
Thirst	0762073	227873	5000000	2009-04-30
Three... Extremes	0420251	0	0	2004-08-20
Ticks	0108339	0	2000000	1994-05-25
Time Walker	0084796	0	750000	1982-11
The Tingler	0053363	0	250000	1959-07-29
The Toolbox Murders	0078405	0	185000	1978-03-03
Tormented	1100053	0	0	2009-05-22
The Town That Dreaded Sundown	2561546	0	0	2014-10-17
Touch of Satan	0066476	0	0	1971-08-23
Track of the Moon Beast	0075343	0	0	1978-05
Trailer Park of Terror	0892109	0	3250000	2008-10-21
Train to Busan	5700672	87547139	8500000	2016-07-20
Trauma	0074258	0	0	1976-10-18
Tremors	0100814	16667084	11000000	1990-01-19
Tremors 2: Aftershocks	0114720	0	4000000	1996-04-09
Tremors 3: Back to Perfection	0259685	0	6000000	2001-10-02
Tremors 4: The Legend Begins	0334541	0	5000000	2004-01-02
Tremors 5: Bloodlines	4180514	0	0	2015-10-06
Trick or Treat	0092112	0	0	1986-10-24
Trick 'r Treat	0862856	0	0	2007-12-09
Trilogy of Terror	0073820	0	0	1975-03-04
Trilogy of Terror II	0117966	0	0	1996-10-30
Troll	0092115	5450815	1100000	1986-01-17
Troll 2	0105643	0	200000	1990-10-12
The Troll Hunter	1740707	0	0	2010-10-29
Tromeo and Juliet	0114733	0	350000	1997-02-28
Trucks	0120380	0	0	1997-10-29
Truth or Dare?: A Critical Madness	0092118	0	200000	2007-08-03
Tucker & Dale Vs. Evil	1465522	0	0	2010-12-09
Twilight Zone: The Movie	0086491	29500000	10000000	1983-06-24
The Two Faces of Dr. Jekyll	0054416	0	0	1961-05-03
Two Thousand Maniacs!	0058694	0	65000	1964-03-20
Uncle Sam	0118025	0	2000000	1997-07-04
The Unborn	1139668	78208812	16000000	2009-01-09
The Uncanny	0076853	0	800000	1977-08-24
The Undead	0070078	0	0	1975-11-07
Undead or Alive	0795505	0	0	2007-03-10
The Unearthly	0051134	0	0	1957-06-28
Unfriended	3713166	30985315	1000000	2015-04-17
Uninhabited	1459013	0	0	2011-06-22
The Uninvited (2009)	0815245	0	0	2009-01-30
Uninvited	0096341	0	0	1988-08-24
Unmasked Part 25	0096343	0	0	1989-01
Untraceable	0880578	28687835	35000000	2008-01-25
Urban Explorer	1642665	0	3000000	2011-10-20
Urban Legend	0146336	38072438	14000000	1998-09-25
Urban Legends: Final Cut	0192731	21468807	14000000	2000-09-22
Urban Legends: Bloody Mary	0451957	0	3500000	2005-07-19
Vacancy	0452702	19363565	19000000	2007-04-20
The Vagrant	0105719	0	9500000	1992-05-15
Valentine	0242998	20384136	10000000	2001-02-02
Valerie and Her Week of Wonders	0066516	0	0	1970-10-16
The Vampire	0023649	0	0	1932-05-06
Vampire Girl vs. Frankenstein Girl	1425928	0	0	2009-06-26
The Vampire Lovers	0066518	0	0	1970-10-22
Vampyr	0023649	0	0	1932-05-06
Van Helsing	0338526	120177084	160000000	2004-05-07
Vanishing on 7th Street	1452628	22197	10000000	2011-02-05
Vase de Noces	0072355	0	0	1974
Venom	1270797	0	0	2018-10-05
Versus	0275773	0	400000	2002-02-20
V/H/S	2105044	0	0	2012-09-06
V/H/S/2	2450186	0	0	2013-06-06
V/H/S: Viral	3704538	0	0	2014-10-23
Victor Frankenstein	1976009	5775076	40000000	2015-11-25
Videodrome	0086541	2120439	5952000	1983-02-04
Vile	1711018	0	0	2012-07-24
The Village	0368447	114197520	60000000	2004-07-30
Village of the Damned (1960)	0054443	2175000	320000	1960-12-07
Village of the Damned (1995)	0114852	9417567	22000000	1995-04-28
Violent Shit	4198186	0	0	2015-07-17
The Visit	3567288	98450062	5000000	2015-09-11
Visiting Hours	0083296	13258670	5500000	1982-05-28
The Void	4255304	0	0	2017-04-07
The Wailing	5215952	0	0	2016-06-03
Wake Wood	1296899	0	0	2011-03-25
Wasting Away	1528840	0	0	0
The Ward	1369706	0	10000000	2011-07-08
Warlock	0053434	3706000	2400000	1959-04
Warlock: The Armageddon	0108517	3902679	3000000	1993-09-24
Warlock III: The End of Innocence	0157171	0	2000000	1999-10-12
Warriors of Terra	0490240	0	1500000	2006
Waxwork	0096426	0	0	1988-06-17
We Are Still Here	3520418	0	0	2015-12-08
We Are What We Are	2309021	0	0	2013-10-25
Welp	3061836	0	0	2014-10-29
Werewolf	0118137	0	350000	1996-01-21
Werewolf of London	0027194	0	195393	1935-05-13
The Werewolf of Washington	0070908	0	0	1973-10
What Have You Done to Solange?	0068416	0	0	1975-05
What We Become	3547682	0	0	2016-05-13
When a Killer Calls	0490798	0	0	2006-02
When a Stranger Calls	0455857	47860214	15000000	2006-02-03
Where the Dead Go to Die	2095004	0	0	2012-02
Wish Upon	5322012	0	12000000	2017-07-14
The Whisperer in Darkness	1498878	0	0	2011-05-19
White: The Melody of the Curse	1984177	0	0	2011-06-09
White Zombie	0023694	0	50000	1932-08-04
Who Can Kill a Child?	0075462	0	0	1978-06
Wicked Little Things	0470000	0	0	2006-11-17
The Wicker Man (1973)	0070917	0	0	1975-06
The Wicker Man (2006)	0450345	24413467	40000000	2006-09-01
Willard	0310357	8546666	22000000	2003-03-14
Windigo	0128232	0	750000	1981
Wishmaster	0120524	15719109	5000000	1997-09-19
Wishmaster 2: Evil Never Dies	0156182	0	2500000	1999-09-17
Wishmaster 3: Beyond the Gates of Hell	0254871	0	0	2001-10-23
Wishmaster 4: The Prophecy Fulfilled	0254872	0	0	2002-10-22
The VVitch	4263482	25138292	3500000	2016-02-19
Witchboard	0090327	7369373	2000000	1987-03-13
Witchfinder General	0063285	1500000	175000	1968-05
Wither	2140671	0	0	2013-08-09
Without Warning (1980)	0081764	0	150000	1980-11-26
The Wizard of Gore	0765487	0	0	2007-06-22
WNUF Halloween Special	3104078	0	1500	2013-10-18
Wolf Creek	0416315	16188180	1000000	2005-12-25
The Wolf Man (1941)	0034398	0	180000	1941-12-12
The Wolfman (2010)	0780653	61979680	150000000	2010-02-12
Wolfen	0083336	10626725	17000000	1981-07-24
Wolfman	0780653	61979680	150000000	2010-02-12
The Woman	1714208	0	0	2011-08-18
The Woman in Black	1596365	54333290	17000000	2012-02-03
The Woman in Black: Angel of Death	2339741	26496583	15000000	2015-01-02
Would You Rather	1999995	0	0	2012-10-14
Wrong Turn	0295700	15417771	12600000	2003-05-30
Wrong Turn 2: Dead End	0804555	0	4000000	2007-10-09
Wrong Turn 3: Left for Dead	1261978	0	0	2009-10-20
Wrong Turn 4: Bloody Beginnings	1865567	0	0	2011-10-25
Wrong Turn 5: Bloodlines	2375779	0	0	2013-02-22
Wrong Turn 6: Last Resort	3612032	0	1200000	2014-10-13
Wyrmwood: Road of the Dead	2535470	0	0	2015-02-13
Xtro	0086610	0	0	1983-01-07
XX	3322892	0	0	2017-02-17
Yellow Brick Road	1398428	0	500000	2010-01-23
Yeti: A Love Story	0765488	0	200	2008-09-30
You're Next	1853739	18474268	1000000	2013-08-23
Zombi 2	0080057	0	0	1980-07-18
Zombi 3D	3501584	0	0	2015-08-22
Zombie Blood Bath	0054724	0	0	1971-10-29
The Zombie Diaries	0876294	0	0	2007-10-12
Zombie Nightmare	0092297	0	180000	1988-03-07
Zombie Strippers	0960890	0	0	2008-09-19
Zombie Wars	0897444	0	200000	2007-11-02
Die Zombiejager	0480777	0	0	2005-09-18
Zombieland	1156398	75590286	23600000	2009-10-02
